Recording	Participant	Gender	Group	TOI	Interval	Media	AOI	Number_of_Events.Logged_live_Event	Number_of_Events.Calibration_fix_offset	Number_of_Events.Calibration_offset	Number_of_Events.Calibration_onset	Number_of_Events.Chatting_fix_offset	Number_of_Events.Chatting_offset	Number_of_Events.Chatting_onset	Number_of_Events.Clicking_fix_offset	Number_of_Events.Clicking_offset	Number_of_Events.Clicking_onset	Number_of_Events.Drawing_fix_offset	Number_of_Events.Drawing_offset	Number_of_Events.Drawing_onset	Number_of_Events.Drumming_fix_offset	Number_of_Events.Drumming_offset	Number_of_Events.Drumming_onset	Number_of_Events.Head_fix_offset	Number_of_Events.Head_offset	Number_of_Events.Head_onset	Number_of_Events.Heckling_fix_offset	Number_of_Events.Heckling_offset	Number_of_Events.Heckling_onset	Number_of_Events.Lesson_end	Number_of_Events.Lesson_start	Number_of_Events.Phone_fix_offset	Number_of_Events.Phone_offset	Number_of_Events.Phone_onset	Number_of_Events.Reaction_chatting	Number_of_Events.Reaction_clicking	Number_of_Events.Reaction_drawing	Number_of_Events.Reaction_drumming	Number_of_Events.Reaction_head	Number_of_Events.Reaction_heckling	Number_of_Events.Reaction_phone	Number_of_Events.Reaction_snipping	Number_of_Events.Reaction_whispering	Number_of_Events.Snipping_fix_offset	Number_of_Events.Snipping_offset	Number_of_Events.Snipping_onset	Number_of_Events.Whispering_fix_offset	Number_of_Events.Whispering_offset	Number_of_Events.Whispering_onset	Time_to_first_Event.Logged_live_Event	Time_to_first_Event.Calibration_fix_offset	Time_to_first_Event.Calibration_offset	Time_to_first_Event.Calibration_onset	Time_to_first_Event.Chatting_fix_offset	Time_to_first_Event.Chatting_offset	Time_to_first_Event.Chatting_onset	Time_to_first_Event.Clicking_fix_offset	Time_to_first_Event.Clicking_offset	Time_to_first_Event.Clicking_onset	Time_to_first_Event.Drawing_fix_offset	Time_to_first_Event.Drawing_offset	Time_to_first_Event.Drawing_onset	Time_to_first_Event.Drumming_fix_offset	Time_to_first_Event.Drumming_offset	Time_to_first_Event.Drumming_onset	Time_to_first_Event.Head_fix_offset	Time_to_first_Event.Head_offset	Time_to_first_Event.Head_onset	Time_to_first_Event.Heckling_fix_offset	Time_to_first_Event.Heckling_offset	Time_to_first_Event.Heckling_onset	Time_to_first_Event.Lesson_end	Time_to_first_Event.Lesson_start	Time_to_first_Event.Phone_fix_offset	Time_to_first_Event.Phone_offset	Time_to_first_Event.Phone_onset	Time_to_first_Event.Reaction_chatting	Time_to_first_Event.Reaction_clicking	Time_to_first_Event.Reaction_drawing	Time_to_first_Event.Reaction_drumming	Time_to_first_Event.Reaction_head	Time_to_first_Event.Reaction_heckling	Time_to_first_Event.Reaction_phone	Time_to_first_Event.Reaction_snipping	Time_to_first_Event.Reaction_whispering	Time_to_first_Event.Snipping_fix_offset	Time_to_first_Event.Snipping_offset	Time_to_first_Event.Snipping_onset	Time_to_first_Event.Whispering_fix_offset	Time_to_first_Event.Whispering_offset	Time_to_first_Event.Whispering_onset	Total_duration_of_fixations	Average_duration_of_fixations	Minimum_duration_of_fixations	Maximum_duration_of_fixations	Number_of_fixations	Time_to_first_fixation	Duration_of_first_fixation	Last_AOI_viewed	AOI_at_interval_end	Total_duration_of_whole_fixations	Average_duration_of_whole_fixations	Minimum_duration_of_whole_fixations	Maximum_duration_of_whole_fixations	Number_of_whole_fixations	Time_to_first_whole_fixation	Duration_of_first_whole_fixation	Total_duration_of_Visit	Average_duration_of_Visit	Minimum_duration_of_Visit	Maximum_duration_of_Visit	Number_of_Visits	Time_to_first_Visit	Duration_of_first_Visit	Total_duration_of_Glances	Average_duration_of_Glances	Minimum_duration_of_Glances	Maximum_duration_of_Glances	Number_of_Glances	Time_to_first_Glance	Duration_of_first_Glance	Number_of_saccades_in_AOI	Time_to_entry_saccade	Time_to_exit_saccade	Peak_velocity_of_entry_saccade	Peak_velocity_of_exit_saccade
Recording048	ProVisioNET_pilot_03_03_novice	Female	Novice	Calibration_phase_fix	1	fullstream	Anna	0	0	2	1	0	0	0	0	0	0	0	0	0	0	0	0	0	0	0	0	0	0	0	1	0	0	0	0	0	0	0	0	0	0	0	0	0	0	0	0	0	0			17056	0																				23413																			2519	280	1	580	9	25042	320	Anna	Anna	0				0			2779	926	500	1360	3	25042	500	2839	946	500	1380	3	25042	500	4	28620		363,75	
Recording048	ProVisioNET_pilot_03_03_novice	Female	Novice	Calibration_phase_fix	1	fullstream	Bianca	0	0	2	1	0	0	0	0	0	0	0	0	0	0	0	0	0	0	0	0	0	0	0	1	0	0	0	0	0	0	0	0	0	0	0	0	0	0	0	0	0	0			17056	0																				23413																			1499	300	120	740	5	23483	180	Anna	Anna	0				0			1559	780	120	1439	2	23483	1439	1579	790	140	1439	2	23483	1439	1	27201		232,83	
Recording048	ProVisioNET_pilot_03_03_novice	Female	Novice	Calibration_phase_fix	1	fullstream	Carl(a)	0	0	2	1	0	0	0	0	0	0	0	0	0	0	0	0	0	0	0	0	0	0	0	1	0	0	0	0	0	0	0	0	0	0	0	0	0	0	0	0	0	0			17056	0																				23413																			0				0			Anna	Anna	0				0			0				0			0				0			0				
Recording048	ProVisioNET_pilot_03_03_novice	Female	Novice	Calibration_phase_fix	1	fullstream	Classroom_Others	0	0	2	1	0	0	0	0	0	0	0	0	0	0	0	0	0	0	0	0	0	0	0	1	0	0	0	0	0	0	0	0	0	0	0	0	0	0	0	0	0	0			17056	0																				23413																			1339	268	80	720	5	22823	80	Anna	Anna	0				0			1479	740	80	1399	2	22823	80	1579	790	160	1419	2	22743	160	2		27201		232,83
Recording048	ProVisioNET_pilot_03_03_novice	Female	Novice	Clicking_pen	1	fullstream	Anna	0	0	0	0	0	0	0	0	0	1	0	0	0	0	0	0	0	0	0	0	0	0	0	0	0	0	0	0	0	0	0	0	0	0	0	0	0	0	0	0	0	0										0																																	5137	1027	160	2718	5	1549	1499	Bianca,Disruptive_Person		0				0			5777	2888	919	4857	2	1549	4857	5936	2968	979	4957	2	1449	4957	1	24875		415,49	
Recording048	ProVisioNET_pilot_03_03_novice	Female	Novice	Clicking_pen	1	fullstream	Bianca	0	0	0	0	0	0	0	0	0	1	0	0	0	0	0	0	0	0	0	0	0	0	0	0	0	0	0	0	0	0	0	0	0	0	0	0	0	0	0	0	0	0										0																																	13422	610	80	1839	22	0	150	Bianca,Disruptive_Person		0				0			15983	2664	909	7795	6	0	909	16143	2690	909	7855	6	0	909	6	14321	909	335,43	351,31
Recording048	ProVisioNET_pilot_03_03_novice	Female	Novice	Clicking_pen	1	fullstream	Carl(a)	0	0	0	0	0	0	0	0	0	1	0	0	0	0	0	0	0	0	0	0	0	0	0	0	0	0	0	0	0	0	0	0	0	0	0	0	0	0	0	0	0	0										0																																	0				0			Bianca,Disruptive_Person		0				0			0				0			0				0			0				
Recording048	ProVisioNET_pilot_03_03_novice	Female	Novice	Clicking_pen	1	fullstream	Disruptive_Person	0	0	0	0	0	0	0	0	0	1	0	0	0	0	0	0	0	0	0	0	0	0	0	0	0	0	0	0	0	0	0	0	0	0	0	0	0	0	0	0	0	0										0																																	4567	507	120	1639	9	0	150	Bianca,Disruptive_Person		0				0			4707	941	260	1799	5	0	569	4807	961	280	1799	5	0	569	2	17499	569	146,19	505,61
Recording048	ProVisioNET_pilot_03_03_novice	Female	Novice	Clicking_pen	1	fullstream	Nametag_Carl(a)	0	0	0	0	0	0	0	0	0	1	0	0	0	0	0	0	0	0	0	0	0	0	0	0	0	0	0	0	0	0	0	0	0	0	0	0	0	0	0	0	0	0										0																																	260	260	260	260	1	949	260	Bianca,Disruptive_Person		0				0			260	260	260	260	1	949	260	300	300	300	300	1	909	300	0	909		351,31	
Recording048	ProVisioNET_pilot_03_03_novice	Female	Novice	Clicking_pen	1	fullstream	students_material	0	0	0	0	0	0	0	0	0	1	0	0	0	0	0	0	0	0	0	0	0	0	0	0	0	0	0	0	0	0	0	0	0	0	0	0	0	0	0	0	0	0										0																																	4257	473	80	1299	9	18898	80	Bianca,Disruptive_Person		0				0			4817	2409	440	4377	2	18898	440	4917	2459	480	4437	2	18858	480	5	20438	19338	328,75	463,05
Recording048	ProVisioNET_pilot_03_03_novice	Female	Novice	Clicking_pen_fix	1	fullstream	Anna	0	0	0	0	0	0	0	0	1	1	0	0	0	0	0	0	0	0	0	0	0	0	0	0	0	0	0	0	0	0	0	0	0	0	0	0	0	0	0	0	0	0									28155	0																																	5137	1027	160	2718	5	1549	1499	Bianca	Bianca	0				0			5777	2888	919	4857	2	1549	4857	5936	2968	979	4957	2	1449	4957	1	24875		415,49	
Recording048	ProVisioNET_pilot_03_03_novice	Female	Novice	Clicking_pen_fix	1	fullstream	Bianca	0	0	0	0	0	0	0	0	1	1	0	0	0	0	0	0	0	0	0	0	0	0	0	0	0	0	0	0	0	0	0	0	0	0	0	0	0	0	0	0	0	0									28155	0																																	14989	600	80	1839	25	0	150	Bianca	Bianca	0				0			17827	2971	909	7795	6	0	909	17987	2998	909	7855	6	0	909	7	14321	909	335,43	351,31
Recording048	ProVisioNET_pilot_03_03_novice	Female	Novice	Clicking_pen_fix	1	fullstream	Carl(a)	0	0	0	0	0	0	0	0	1	1	0	0	0	0	0	0	0	0	0	0	0	0	0	0	0	0	0	0	0	0	0	0	0	0	0	0	0	0	0	0	0	0									28155	0																																	0				0			Bianca	Bianca	0				0			0				0			0				0			0				
Recording048	ProVisioNET_pilot_03_03_novice	Female	Novice	Clicking_pen_fix	1	fullstream	Disruptive_Person	0	0	0	0	0	0	0	0	1	1	0	0	0	0	0	0	0	0	0	0	0	0	0	0	0	0	0	0	0	0	0	0	0	0	0	0	0	0	0	0	0	0									28155	0																																	4567	507	120	1639	9	0	150	Bianca	Bianca	0				0			4707	941	260	1799	5	0	569	4807	961	280	1799	5	0	569	2	17499	569	146,19	505,61
Recording048	ProVisioNET_pilot_03_03_novice	Female	Novice	Clicking_pen_fix	1	fullstream	Nametag_Carl(a)	0	0	0	0	0	0	0	0	1	1	0	0	0	0	0	0	0	0	0	0	0	0	0	0	0	0	0	0	0	0	0	0	0	0	0	0	0	0	0	0	0	0									28155	0																																	260	260	260	260	1	949	260	Bianca	Bianca	0				0			260	260	260	260	1	949	260	300	300	300	300	1	909	300	0	909		351,31	
Recording048	ProVisioNET_pilot_03_03_novice	Female	Novice	Clicking_pen_fix	1	fullstream	students_material	0	0	0	0	0	0	0	0	1	1	0	0	0	0	0	0	0	0	0	0	0	0	0	0	0	0	0	0	0	0	0	0	0	0	0	0	0	0	0	0	0	0									28155	0																																	4257	473	80	1299	9	18898	80	Bianca	Bianca	0				0			4817	2409	440	4377	2	18898	440	4917	2459	480	4437	2	18858	480	5	20438	19338	328,75	463,05
Recording048	ProVisioNET_pilot_03_03_novice	Female	Novice	Drumming_with_hands	1	fullstream	Anna	0	0	0	0	0	0	0	0	0	0	0	0	0	0	0	1	0	0	0	0	0	0	0	0	0	0	0	0	0	0	0	0	0	0	0	0	0	0	0	0	0	0																0																											660	660	660	660	1	3622	660	Bianca,Disruptive_Person	Bianca,Disruptive_Person	0				0			660	660	660	660	1	3622	660	700	700	700	700	1	3582	700	0		4282		367,3
Recording048	ProVisioNET_pilot_03_03_novice	Female	Novice	Drumming_with_hands	1	fullstream	Bianca	0	0	0	0	0	0	0	0	0	0	0	0	0	0	0	1	0	0	0	0	0	0	0	0	0	0	0	0	0	0	0	0	0	0	0	0	0	0	0	0	0	0																0																											3484	498	66	919	7	304	680	Bianca,Disruptive_Person	Bianca,Disruptive_Person	0				0			3504	584	260	919	6	304	680	3704	617	260	919	6	264	720	1	264	983	571,54	315,4
Recording048	ProVisioNET_pilot_03_03_novice	Female	Novice	Drumming_with_hands	1	fullstream	Carl(a)	0	0	0	0	0	0	0	0	0	0	0	0	0	0	0	1	0	0	0	0	0	0	0	0	0	0	0	0	0	0	0	0	0	0	0	0	0	0	0	0	0	0																0																											0				0			Bianca,Disruptive_Person	Bianca,Disruptive_Person	0				0			0				0			0				0			0				
Recording048	ProVisioNET_pilot_03_03_novice	Female	Novice	Drumming_with_hands	1	fullstream	Disruptive_Person	0	0	0	0	0	0	0	0	0	0	0	0	0	0	0	1	0	0	0	0	0	0	0	0	0	0	0	0	0	0	0	0	0	0	0	0	0	0	0	0	0	0																0																											3884	486	66	919	8	304	680	Bianca,Disruptive_Person	Bianca,Disruptive_Person	0				0			4084	681	260	1239	6	304	680	4264	711	260	1259	6	264	720	1	264	983	571,54	315,4
Recording048	ProVisioNET_pilot_03_03_novice	Female	Novice	Drumming_with_hands	1	fullstream	students_material	0	0	0	0	0	0	0	0	0	0	0	0	0	0	0	1	0	0	0	0	0	0	0	0	0	0	0	0	0	0	0	0	0	0	0	0	0	0	0	0	0	0																0																											6141	361	84	899	17	0	84	Bianca,Disruptive_Person	Bianca,Disruptive_Person	0				0			7060	1177	264	2399	6	0	264	7340	1223	264	2459	6	0	264	6	983	264	315,4	571,54
Recording048	ProVisioNET_pilot_03_03_novice	Female	Novice	Drumming_with_hands_fix	1	fullstream	Anna	0	0	0	0	0	0	0	0	0	0	0	0	0	0	1	1	0	0	0	0	0	0	0	0	0	0	0	0	0	0	0	0	0	0	0	0	0	0	0	0	0	0															12143	0																											8715	281	80	700	31	3622	660	Bianca	Bianca	0				0			11153	2788	660	5317	4	3622	660	11333	2833	700	5357	4	3582	700	18	18133	4282	166,16	367,3
Recording048	ProVisioNET_pilot_03_03_novice	Female	Novice	Drumming_with_hands_fix	1	fullstream	Bianca	0	0	0	0	0	0	0	0	0	0	0	0	0	0	1	1	0	0	0	0	0	0	0	0	0	0	0	0	0	0	0	0	0	0	0	0	0	0	0	0	0	0															12143	0																											5270	376	13	919	14	304	680	Bianca	Bianca	0				0			5550	617	233	1279	9	304	680	5990	666	260	1359	9	264	720	4	264	983	571,54	315,4
Recording048	ProVisioNET_pilot_03_03_novice	Female	Novice	Drumming_with_hands_fix	1	fullstream	Carl(a)	0	0	0	0	0	0	0	0	0	0	0	0	0	0	1	1	0	0	0	0	0	0	0	0	0	0	0	0	0	0	0	0	0	0	0	0	0	0	0	0	0	0															12143	0																											0				0			Bianca	Bianca	0				0			0				0			0				0			0				
Recording048	ProVisioNET_pilot_03_03_novice	Female	Novice	Drumming_with_hands_fix	1	fullstream	Classroom_Others	0	0	0	0	0	0	0	0	0	0	0	0	0	0	1	1	0	0	0	0	0	0	0	0	0	0	0	0	0	0	0	0	0	0	0	0	0	0	0	0	0	0															12143	0																											2079	231	100	760	9	17154	220	Bianca	Bianca	0				0			2598	866	220	1559	3	17154	220	2838	946	300	1639	3	17074	300	3	17074	26908	380,14	485,04
Recording048	ProVisioNET_pilot_03_03_novice	Female	Novice	Drumming_with_hands_fix	1	fullstream	Disruptive_Person	0	0	0	0	0	0	0	0	0	0	0	0	0	0	1	1	0	0	0	0	0	0	0	0	0	0	0	0	0	0	0	0	0	0	0	0	0	0	0	0	0	0															12143	0																											4058	507	240	919	8	304	680	Bianca	Bianca	0				0			4258	710	260	1239	6	304	680	4437	740	260	1259	6	264	720	1	264	983	571,54	315,4
Recording048	ProVisioNET_pilot_03_03_novice	Female	Novice	Drumming_with_hands_fix	1	fullstream	Nametag_Anna	0	0	0	0	0	0	0	0	0	0	0	0	0	0	1	1	0	0	0	0	0	0	0	0	0	0	0	0	0	0	0	0	0	0	0	0	0	0	0	0	0	0															12143	0																											260	260	260	260	1	23590	260	Bianca	Bianca	0				0			260	260	260	260	1	23590	260	300	300	300	300	1	23550	300	0				
Recording048	ProVisioNET_pilot_03_03_novice	Female	Novice	Drumming_with_hands_fix	1	fullstream	students_material	0	0	0	0	0	0	0	0	0	0	0	0	0	0	1	1	0	0	0	0	0	0	0	0	0	0	0	0	0	0	0	0	0	0	0	0	0	0	0	0	0	0															12143	0																											6820	359	84	899	19	0	84	Bianca	Bianca	0				0			7800	1114	264	2399	7	0	264	8099	1157	264	2459	7	0	264	6	983	264	315,4	571,54
Recording048	ProVisioNET_pilot_03_03_novice	Female	Novice	Head_on_table	1	fullstream	Anna	0	0	0	0	0	0	0	0	0	0	0	0	0	0	0	0	1	0	1	0	0	0	0	0	0	0	0	0	0	0	0	0	0	0	0	0	0	0	0	0	0	0																	30000		0																								660	330	160	500	2	22870	500	students_material	students_material	0				0			660	330	160	500	2	22870	500	740	370	200	540	2	22830	540	0	22830	23370	287,91	118,67
Recording048	ProVisioNET_pilot_03_03_novice	Female	Novice	Head_on_table	1	fullstream	Bianca	0	0	0	0	0	0	0	0	0	0	0	0	0	0	0	0	1	0	1	0	0	0	0	0	0	0	0	0	0	0	0	0	0	0	0	0	0	0	0	0	0	0																	30000		0																								7436	354	80	1559	21	10877	160	students_material	students_material	0				0			8335	1042	80	6276	8	10877	160	8575	1072	80	6296	8	10817	220	6	23370	22830	118,67	287,91
Recording048	ProVisioNET_pilot_03_03_novice	Female	Novice	Head_on_table	1	fullstream	Carl(a)	0	0	0	0	0	0	0	0	0	0	0	0	0	0	0	0	1	0	1	0	0	0	0	0	0	0	0	0	0	0	0	0	0	0	0	0	0	0	0	0	0	0																	30000		0																								4001	800	440	1479	5	0	523	students_material	students_material	0				0			4321	2160	523	3798	2	0	523	4341	2170	523	3818	2	0	523	0		29506		131,47
Recording048	ProVisioNET_pilot_03_03_novice	Female	Novice	Head_on_table	1	fullstream	Disruptive_Person	0	0	0	0	0	0	0	0	0	0	0	0	0	0	0	0	1	0	1	0	0	0	0	0	0	0	0	0	0	0	0	0	0	0	0	0	0	0	0	0	0	0																	30000		0																								2562	285	80	540	9	0	523	students_material	students_material	0				0			2782	556	160	820	5	0	523	2942	588	220	859	5	0	523	3	24149		145,07	
Recording048	ProVisioNET_pilot_03_03_novice	Female	Novice	Head_on_table	1	fullstream	students_material	0	0	0	0	0	0	0	0	0	0	0	0	0	0	0	0	1	0	1	0	0	0	0	0	0	0	0	0	0	0	0	0	0	0	0	0	0	0	0	0	0	0																	30000		0																								12255	1021	80	3038	12	723	760	students_material	students_material	0				0			13314	4438	622	9934	3	723	9934	13454	4485	642	10014	3	643	10014	4	29506		131,47	
Recording048	ProVisioNET_pilot_03_03_novice	Female	Novice	Head_on_table_fix	1	fullstream	Anna	0	0	0	0	0	0	0	0	0	0	0	0	0	0	0	0	0	0	1	0	0	0	0	0	0	0	0	0	0	0	0	0	0	0	0	0	0	0	0	0	0	0																			0																								660	330	160	500	2	22870	500	students_material	students_material	0				0			660	330	160	500	2	22870	500	740	370	200	540	2	22830	540	0	22830	23370	287,91	118,67
Recording048	ProVisioNET_pilot_03_03_novice	Female	Novice	Head_on_table_fix	1	fullstream	Bianca	0	0	0	0	0	0	0	0	0	0	0	0	0	0	0	0	0	0	1	0	0	0	0	0	0	0	0	0	0	0	0	0	0	0	0	0	0	0	0	0	0	0																			0																								7436	354	80	1559	21	10877	160	students_material	students_material	0				0			8335	1042	80	6276	8	10877	160	8575	1072	80	6296	8	10817	220	6	23370	22830	118,67	287,91
Recording048	ProVisioNET_pilot_03_03_novice	Female	Novice	Head_on_table_fix	1	fullstream	Carl(a)	0	0	0	0	0	0	0	0	0	0	0	0	0	0	0	0	0	0	1	0	0	0	0	0	0	0	0	0	0	0	0	0	0	0	0	0	0	0	0	0	0	0																			0																								4001	800	440	1479	5	0	523	students_material	students_material	0				0			4321	2160	523	3798	2	0	523	4341	2170	523	3818	2	0	523	0		29506		131,47
Recording048	ProVisioNET_pilot_03_03_novice	Female	Novice	Head_on_table_fix	1	fullstream	Disruptive_Person	0	0	0	0	0	0	0	0	0	0	0	0	0	0	0	0	0	0	1	0	0	0	0	0	0	0	0	0	0	0	0	0	0	0	0	0	0	0	0	0	0	0																			0																								2562	285	80	540	9	0	523	students_material	students_material	0				0			2782	556	160	820	5	0	523	2942	588	220	859	5	0	523	3	24149		145,07	
Recording048	ProVisioNET_pilot_03_03_novice	Female	Novice	Head_on_table_fix	1	fullstream	students_material	0	0	0	0	0	0	0	0	0	0	0	0	0	0	0	0	0	0	1	0	0	0	0	0	0	0	0	0	0	0	0	0	0	0	0	0	0	0	0	0	0	0																			0																								12107	1009	80	3038	12	723	760	students_material	students_material	0				0			13167	4389	474	9934	3	723	9934	13307	4436	494	10014	3	643	10014	4	29506		131,47	
Recording048	ProVisioNET_pilot_03_03_novice	Female	Novice	Heckling	1	fullstream	Anna	0	0	0	0	0	0	0	0	0	0	0	0	0	0	0	0	0	0	0	0	0	1	0	0	0	0	0	0	0	0	0	0	0	0	0	0	0	0	0	0	0	0																						0																					2479	413	80	959	6	7790	760	Anna,Disruptive_Person		0				0			2539	846	360	1419	3	7790	760	2718	906	440	1459	3	7730	820	3	7730	8550	340,04	350,09
Recording048	ProVisioNET_pilot_03_03_novice	Female	Novice	Heckling	1	fullstream	Bianca	0	0	0	0	0	0	0	0	0	0	0	0	0	0	0	0	0	0	0	0	0	1	0	0	0	0	0	0	0	0	0	0	0	0	0	0	0	0	0	0	0	0																						0																					3998	800	100	1939	5	255	1939	Anna,Disruptive_Person		0				0			4497	1499	640	1939	3	255	1939	4717	1572	700	2039	3	155	2039	1	8790	10769	413,21	449,65
Recording048	ProVisioNET_pilot_03_03_novice	Female	Novice	Heckling	1	fullstream	Carl(a)	0	0	0	0	0	0	0	0	0	0	0	0	0	0	0	0	0	0	0	0	0	1	0	0	0	0	0	0	0	0	0	0	0	0	0	0	0	0	0	0	0	0																						0																					80	80	80	80	1	7650	80	Anna,Disruptive_Person		0				0			80	80	80	80	1	7650	80	140	140	140	140	1	7590	140	0		7730		340,04
Recording048	ProVisioNET_pilot_03_03_novice	Female	Novice	Heckling	1	fullstream	Disruptive_Person	0	0	0	0	0	0	0	0	0	0	0	0	0	0	0	0	0	0	0	0	0	1	0	0	0	0	0	0	0	0	0	0	0	0	0	0	0	0	0	0	0	0																						0																					6556	546	80	1939	12	255	1939	Anna,Disruptive_Person		0				0			7356	2452	899	4517	3	255	1939	7576	2525	959	4577	3	155	2039	8	8790	8550	413,21	350,09
Recording048	ProVisioNET_pilot_03_03_novice	Female	Novice	Heckling	1	fullstream	Nametag_Carl(a)	0	0	0	0	0	0	0	0	0	0	0	0	0	0	0	0	0	0	0	0	0	1	0	0	0	0	0	0	0	0	0	0	0	0	0	0	0	0	0	0	0	0																						0																					180	180	180	180	1	8610	180	Anna,Disruptive_Person		0				0			180	180	180	180	1	8610	180	240	240	240	240	1	8550	240	0	8550	8790	350,09	413,21
Recording048	ProVisioNET_pilot_03_03_novice	Female	Novice	Heckling	1	fullstream	students_material	0	0	0	0	0	0	0	0	0	0	0	0	0	0	0	0	0	0	0	0	0	1	0	0	0	0	0	0	0	0	0	0	0	0	0	0	0	0	0	0	0	0																						0																					3918	784	120	1519	5	2913	1239	Anna,Disruptive_Person		0				0			4018	1339	620	1719	3	2913	1679	4098	1366	640	1739	3	2873	1719	0	4612	6351	106,95	212,11
Recording048	ProVisioNET_pilot_03_03_novice	Female	Novice	Heckling_fix	1	fullstream	Anna	0	0	0	0	0	0	0	0	0	0	0	0	0	0	0	0	0	0	0	0	1	1	0	0	0	0	0	0	0	0	0	0	0	0	0	0	0	0	0	0	0	0																					13455	0																					2479	413	80	959	6	7790	760	students_material		0				0			2539	846	360	1419	3	7790	760	2718	906	440	1459	3	7730	820	3	7730	8550	340,04	350,09
Recording048	ProVisioNET_pilot_03_03_novice	Female	Novice	Heckling_fix	1	fullstream	Bianca	0	0	0	0	0	0	0	0	0	0	0	0	0	0	0	0	0	0	0	0	1	1	0	0	0	0	0	0	0	0	0	0	0	0	0	0	0	0	0	0	0	0																					13455	0																					4098	683	100	1939	6	255	1939	students_material		0				0			4597	1149	100	1939	4	255	1939	4860	972	23	2039	5	155	2039	1	8790	10769	413,21	449,65
Recording048	ProVisioNET_pilot_03_03_novice	Female	Novice	Heckling_fix	1	fullstream	Carl(a)	0	0	0	0	0	0	0	0	0	0	0	0	0	0	0	0	0	0	0	0	1	1	0	0	0	0	0	0	0	0	0	0	0	0	0	0	0	0	0	0	0	0																					13455	0																					80	80	80	80	1	7650	80	students_material		0				0			80	80	80	80	1	7650	80	140	140	140	140	1	7590	140	0		7730		340,04
Recording048	ProVisioNET_pilot_03_03_novice	Female	Novice	Heckling_fix	1	fullstream	Disruptive_Person	0	0	0	0	0	0	0	0	0	0	0	0	0	0	0	0	0	0	0	0	1	1	0	0	0	0	0	0	0	0	0	0	0	0	0	0	0	0	0	0	0	0																					13455	0																					6556	546	80	1939	12	255	1939	students_material		0				0			7356	2452	899	4517	3	255	1939	7576	2525	959	4577	3	155	2039	8	8790	8550	413,21	350,09
Recording048	ProVisioNET_pilot_03_03_novice	Female	Novice	Heckling_fix	1	fullstream	Nametag_Carl(a)	0	0	0	0	0	0	0	0	0	0	0	0	0	0	0	0	0	0	0	0	1	1	0	0	0	0	0	0	0	0	0	0	0	0	0	0	0	0	0	0	0	0																					13455	0																					180	180	180	180	1	8610	180	students_material		0				0			180	180	180	180	1	8610	180	240	240	240	240	1	8550	240	0	8550	8790	350,09	413,21
Recording048	ProVisioNET_pilot_03_03_novice	Female	Novice	Heckling_fix	1	fullstream	students_material	0	0	0	0	0	0	0	0	0	0	0	0	0	0	0	0	0	0	0	0	1	1	0	0	0	0	0	0	0	0	0	0	0	0	0	0	0	0	0	0	0	0																					13455	0																					15051	538	80	2838	28	2913	1239	students_material		0				0			18049	2256	620	3818	8	2913	1679	18209	2276	640	3838	8	2873	1719	11	4612	6351	106,95	212,11
Recording048	ProVisioNET_pilot_03_03_novice	Female	Novice	Lesson	1	fullstream	Anna	0	2	0	0	0	0	0	1	1	1	0	0	0	1	1	1	1	1	1	1	1	1	0	2	0	0	0	0	0	0	0	0	0	0	0	0	1	1	1	1	1	1		6587						691693	689848	661693				509366	491509	479366	330732	330879	300731	420628	404082	390627		0													239763	211907	209763	602806	600546	572806	96224	538	80	3038	179	1629	320	Bianca		0				0			110755	2260	160	18289	49	1629	500	112994	2306	180	18289	49	1629	500	73	5207	44944	363,75	441,37
Recording048	ProVisioNET_pilot_03_03_novice	Female	Novice	Lesson	1	fullstream	Bianca	0	2	0	0	0	0	0	1	1	1	0	0	0	1	1	1	1	1	1	1	1	1	0	2	0	0	0	0	0	0	0	0	0	0	0	0	1	1	1	1	1	1		6587						691693	689848	661693				509366	491509	479366	330732	330879	300731	420628	404082	390627		0													239763	211907	209763	602806	600546	572806	285513	585	80	7276	488	70	180	Bianca		120	120	120	120	1	635138	120	331466	2631	80	28183	126	70	1439	337202	2676	80	28243	126	70	1439	185	3787	9244	232,83	306,6
Recording048	ProVisioNET_pilot_03_03_novice	Female	Novice	Lesson	1	fullstream	Board_Screen	0	2	0	0	0	0	0	1	1	1	0	0	0	1	1	1	1	1	1	1	1	1	0	2	0	0	0	0	0	0	0	0	0	0	0	0	1	1	1	1	1	1		6587						691693	689848	661693				509366	491509	479366	330732	330879	300731	420628	404082	390627		0													239763	211907	209763	602806	600546	572806	5117	341	80	879	15	49641	120	Bianca		0				0			7636	1527	120	3318	5	49641	120	7935	1587	280	3318	5	49481	280	6		49761		140,51
Recording048	ProVisioNET_pilot_03_03_novice	Female	Novice	Lesson	1	fullstream	Carl(a)	0	2	0	0	0	0	0	1	1	1	0	0	0	1	1	1	1	1	1	1	1	1	0	2	0	0	0	0	0	0	0	0	0	0	0	0	1	1	1	1	1	1		6587						691693	689848	661693				509366	491509	479366	330732	330879	300731	420628	404082	390627		0													239763	211907	209763	602806	600546	572806	16490	532	80	2019	31	45743	80	Bianca		0				0			18109	1646	80	4477	11	45743	1419	18409	1674	140	4477	11	45703	1459	10		187841		533,82
Recording048	ProVisioNET_pilot_03_03_novice	Female	Novice	Lesson	1	fullstream	Classroom_Others	0	2	0	0	0	0	0	1	1	1	0	0	0	1	1	1	1	1	1	1	1	1	0	2	0	0	0	0	0	0	0	0	0	0	0	0	1	1	1	1	1	1		6587						691693	689848	661693				509366	491509	479366	330732	330879	300731	420628	404082	390627		0													239763	211907	209763	602806	600546	572806	12772	246	80	1059	52	2388	100	Bianca		0				0			16470	1176	220	3438	14	2388	1399	17110	1222	300	3478	14	2368	1419	26	496440	3787	380,14	232,83
Recording048	ProVisioNET_pilot_03_03_novice	Female	Novice	Lesson	1	fullstream	Disruptive_Person	0	2	0	0	0	0	0	1	1	1	0	0	0	1	1	1	1	1	1	1	1	1	0	2	0	0	0	0	0	0	0	0	0	0	0	0	1	1	1	1	1	1		6587						691693	689848	661693				509366	491509	479366	330732	330879	300731	420628	404082	390627		0													239763	211907	209763	602806	600546	572806	39557	549	80	1959	72	210008	120	Bianca		0				0			44434	1709	140	18049	26	210008	3018	45573	1753	160	18049	26	209848	3178	30	324881	399177	145,07	350,09
Recording048	ProVisioNET_pilot_03_03_novice	Female	Novice	Lesson	1	fullstream	Nametag_Anna	0	2	0	0	0	0	0	1	1	1	0	0	0	1	1	1	1	1	1	1	1	1	0	2	0	0	0	0	0	0	0	0	0	0	0	0	1	1	1	1	1	1		6587						691693	689848	661693				509366	491509	479366	330732	330879	300731	420628	404082	390627		0													239763	211907	209763	602806	600546	572806	1059	353	260	420	3	376230	420	Bianca		0				0			1059	353	260	420	3	376230	420	1159	386	300	460	3	376190	460	0		376650		341,65
Recording048	ProVisioNET_pilot_03_03_novice	Female	Novice	Lesson	1	fullstream	Nametag_Bianca	0	2	0	0	0	0	0	1	1	1	0	0	0	1	1	1	1	1	1	1	1	1	0	2	0	0	0	0	0	0	0	0	0	0	0	0	1	1	1	1	1	1		6587						691693	689848	661693				509366	491509	479366	330732	330879	300731	420628	404082	390627		0													239763	211907	209763	602806	600546	572806	1319	440	140	740	3	7685	140	Bianca		0				0			1319	440	140	740	3	7685	140	1419	473	180	760	3	7645	180	0	9244	7825	306,6	156,59
Recording048	ProVisioNET_pilot_03_03_novice	Female	Novice	Lesson	1	fullstream	Nametag_Carl(a)	0	2	0	0	0	0	0	1	1	1	0	0	0	1	1	1	1	1	1	1	1	1	0	2	0	0	0	0	0	0	0	0	0	0	0	0	1	1	1	1	1	1		6587						691693	689848	661693				509366	491509	479366	330732	330879	300731	420628	404082	390627		0													239763	211907	209763	602806	600546	572806	1279	160	100	260	8	8165	120	Bianca		0				0			1439	240	100	680	6	8165	680	1699	283	120	700	6	8145	700	1	215125	215484	513,11	528,41
Recording048	ProVisioNET_pilot_03_03_novice	Female	Novice	Lesson	1	fullstream	students_material	0	2	0	0	0	0	0	1	1	1	0	0	0	1	1	1	1	1	1	1	1	1	0	2	0	0	0	0	0	0	0	0	0	0	0	0	1	1	1	1	1	1		6587						691693	689848	661693				509366	491509	479366	330732	330879	300731	420628	404082	390627		0													239763	211907	209763	602806	600546	572806	160247	589	80	3118	272	63233	100	Bianca		0				0			180514	1583	100	13192	114	63233	340	184772	1621	120	13232	114	63213	360	72	63213	63573	224,44	166,9
Recording048	ProVisioNET_pilot_03_03_novice	Female	Novice	Lesson	1	fullstream	teacher_material	0	2	0	0	0	0	0	1	1	1	0	0	0	1	1	1	1	1	1	1	1	1	0	2	0	0	0	0	0	0	0	0	0	0	0	0	1	1	1	1	1	1		6587						691693	689848	661693				509366	491509	479366	330732	330879	300731	420628	404082	390627		0													239763	211907	209763	602806	600546	572806	0				0			Bianca		0				0			0				0			0				0			0				
Recording048	ProVisioNET_pilot_03_03_novice	Female	Novice	Snipping_with_fingers	1	fullstream	Anna	0	0	0	0	0	0	0	0	0	0	0	0	0	0	0	0	0	0	0	0	0	0	0	0	0	0	0	0	0	0	0	0	0	0	0	0	0	0	1	0	0	0																																							0				0				0			Carl(a),Disruptive_Person	Carl(a),Disruptive_Person	0				0			0				0			0				0			0				
Recording048	ProVisioNET_pilot_03_03_novice	Female	Novice	Snipping_with_fingers	1	fullstream	Bianca	0	0	0	0	0	0	0	0	0	0	0	0	0	0	0	0	0	0	0	0	0	0	0	0	0	0	0	0	0	0	0	0	0	0	0	0	0	0	1	0	0	0																																							0				0				0			Carl(a),Disruptive_Person	Carl(a),Disruptive_Person	0				0			0				0			0				0			0				
Recording048	ProVisioNET_pilot_03_03_novice	Female	Novice	Snipping_with_fingers	1	fullstream	Carl(a)	0	0	0	0	0	0	0	0	0	0	0	0	0	0	0	0	0	0	0	0	0	0	0	0	0	0	0	0	0	0	0	0	0	0	0	0	0	0	1	0	0	0																																							0				1879	940	120	1760	2	245	120	Carl(a),Disruptive_Person	Carl(a),Disruptive_Person	0				0			2144	2144	2144	2144	1	0	2144	2144	2144	2144	2144	1	0	2144	1				
Recording048	ProVisioNET_pilot_03_03_novice	Female	Novice	Snipping_with_fingers	1	fullstream	Disruptive_Person	0	0	0	0	0	0	0	0	0	0	0	0	0	0	0	0	0	0	0	0	0	0	0	0	0	0	0	0	0	0	0	0	0	0	0	0	0	0	1	0	0	0																																							0				1879	940	120	1760	2	245	120	Carl(a),Disruptive_Person	Carl(a),Disruptive_Person	0				0			1899	1899	1899	1899	1	245	1899	2059	2059	2059	2059	1	85	2059	1				
Recording048	ProVisioNET_pilot_03_03_novice	Female	Novice	Snpping_with_fingers_fix	1	fullstream	Anna	0	0	0	0	0	0	0	0	0	0	0	0	0	0	0	0	0	0	0	0	0	0	0	0	0	0	0	0	0	0	0	0	0	0	0	0	0	1	1	0	0	0																																						2144	0				4457	743	540	1059	6	11438	540	Bianca	Bianca	0				0			4697	1566	780	2119	3	11438	1799	4837	1612	840	2119	3	11358	1879	1	11358	13237	450,96	328,88
Recording048	ProVisioNET_pilot_03_03_novice	Female	Novice	Snpping_with_fingers_fix	1	fullstream	Bianca	0	0	0	0	0	0	0	0	0	0	0	0	0	0	0	0	0	0	0	0	0	0	0	0	0	0	0	0	0	0	0	0	0	0	0	0	0	1	1	0	0	0																																						2144	0				13225	735	100	4377	18	4682	140	Bianca	Bianca	0				0			13644	2274	572	4517	6	4682	680	13964	2327	632	4597	6	4602	760	11	5722	5362	528,41	513,11
Recording048	ProVisioNET_pilot_03_03_novice	Female	Novice	Snpping_with_fingers_fix	1	fullstream	Carl(a)	0	0	0	0	0	0	0	0	0	0	0	0	0	0	0	0	0	0	0	0	0	0	0	0	0	0	0	0	0	0	0	0	0	0	0	0	0	1	1	0	0	0																																						2144	0				2079	1039	120	1959	2	245	120	Bianca	Bianca	0				0			2344	2344	2344	2344	1	0	2344	2344	2344	2344	2344	1	0	2344	1				
Recording048	ProVisioNET_pilot_03_03_novice	Female	Novice	Snpping_with_fingers_fix	1	fullstream	Classroom_Others	0	0	0	0	0	0	0	0	0	0	0	0	0	0	0	0	0	0	0	0	0	0	0	0	0	0	0	0	0	0	0	0	0	0	0	0	0	1	1	0	0	0																																						2144	0				0				0			Bianca	Bianca	0				0			0				0			0				0			0				
Recording048	ProVisioNET_pilot_03_03_novice	Female	Novice	Snpping_with_fingers_fix	1	fullstream	Disruptive_Person	0	0	0	0	0	0	0	0	0	0	0	0	0	0	0	0	0	0	0	0	0	0	0	0	0	0	0	0	0	0	0	0	0	0	0	0	0	1	1	0	0	0																																						2144	0				3678	736	120	1959	5	245	120	Bianca	Bianca	0				0			3838	1919	820	3018	2	245	3018	4018	2009	840	3178	2	85	3178	2				
Recording048	ProVisioNET_pilot_03_03_novice	Female	Novice	Snpping_with_fingers_fix	1	fullstream	Nametag_Anna	0	0	0	0	0	0	0	0	0	0	0	0	0	0	0	0	0	0	0	0	0	0	0	0	0	0	0	0	0	0	0	0	0	0	0	0	0	1	1	0	0	0																																						2144	0				0				0			Bianca	Bianca	0				0			0				0			0				0			0				
Recording048	ProVisioNET_pilot_03_03_novice	Female	Novice	Snpping_with_fingers_fix	1	fullstream	Nametag_Carl(a)	0	0	0	0	0	0	0	0	0	0	0	0	0	0	0	0	0	0	0	0	0	0	0	0	0	0	0	0	0	0	0	0	0	0	0	0	0	1	1	0	0	0																																						2144	0				220	110	100	120	2	5462	100	Bianca	Bianca	0				0			220	110	100	120	2	5462	100	340	170	140	200	2	5362	200	0	5362	5722	513,11	528,41
Recording048	ProVisioNET_pilot_03_03_novice	Female	Novice	Snpping_with_fingers_fix	1	fullstream	students_material	0	0	0	0	0	0	0	0	0	0	0	0	0	0	0	0	0	0	0	0	0	0	0	0	0	0	0	0	0	0	0	0	0	0	0	0	0	1	1	0	0	0																																						2144	0				4717	472	80	1459	10	10519	120	Bianca	Bianca	0				0			5217	1043	120	3898	5	10519	120	5337	1067	140	3938	5	10499	140	2	29028	11358	306,56	450,96
Recording048	ProVisioNET_pilot_03_03_novice	Female	Novice	Snpping_with_fingers_fix	1	fullstream	teacher_material	0	0	0	0	0	0	0	0	0	0	0	0	0	0	0	0	0	0	0	0	0	0	0	0	0	0	0	0	0	0	0	0	0	0	0	0	0	1	1	0	0	0																																						2144	0				0				0			Bianca	Bianca	0				0			0				0			0				0			0				
Recording048	ProVisioNET_pilot_03_03_novice	Female	Novice	Whispering	1	fullstream	Anna	0	0	0	0	0	0	0	0	0	0	0	0	0	0	0	0	0	0	0	0	0	0	0	0	0	0	0	0	0	0	0	0	0	0	0	0	0	0	0	0	0	1																																										0	17099	611	100	1639	28	0	469	Bianca,Disruptive_Person		0				0			20677	10338	2538	18138	2	0	18138	20677	10338	2538	18138	2	0	18138	15		18138		295,1
Recording048	ProVisioNET_pilot_03_03_novice	Female	Novice	Whispering	1	fullstream	Bianca	0	0	0	0	0	0	0	0	0	0	0	0	0	0	0	0	0	0	0	0	0	0	0	0	0	0	0	0	0	0	0	0	0	0	0	0	0	0	0	0	0	1																																										0	919	460	140	780	2	23215	140	Bianca,Disruptive_Person		0				0			919	460	140	780	2	23215	140	1039	520	160	879	2	23195	160	0	26813	23355	431,3	229,51
Recording048	ProVisioNET_pilot_03_03_novice	Female	Novice	Whispering	1	fullstream	Carl(a)	0	0	0	0	0	0	0	0	0	0	0	0	0	0	0	0	0	0	0	0	0	0	0	0	0	0	0	0	0	0	0	0	0	0	0	0	0	0	0	0	0	1																																										0	0				0			Bianca,Disruptive_Person		0				0			0				0			0				0			0				
Recording048	ProVisioNET_pilot_03_03_novice	Female	Novice	Whispering	1	fullstream	Disruptive_Person	0	0	0	0	0	0	0	0	0	0	0	0	0	0	0	0	0	0	0	0	0	0	0	0	0	0	0	0	0	0	0	0	0	0	0	0	0	0	0	0	0	1																																										0	15480	595	100	1639	26	0	469	Bianca,Disruptive_Person		0				0			18818	6273	140	17898	3	0	17898	18938	6313	160	17898	3	0	17898	13	26813	17898	431,3	406,05
Recording048	ProVisioNET_pilot_03_03_novice	Female	Novice	Whispering	1	fullstream	students_material	0	0	0	0	0	0	0	0	0	0	0	0	0	0	0	0	0	0	0	0	0	0	0	0	0	0	0	0	0	0	0	0	0	0	0	0	0	0	0	0	0	1																																										0	5377	1344	340	2039	4	20777	340	Bianca,Disruptive_Person		0				0			5497	2748	2059	3438	2	20777	2059	5557	2778	2099	3458	2	20737	2099	1	20737	26813	227,18	431,3
Recording048	ProVisioNET_pilot_03_03_novice	Female	Novice	Whispering_fix	1	fullstream	Anna	0	0	0	0	0	0	0	0	0	0	0	0	0	0	0	0	0	0	0	0	0	0	0	0	0	0	0	0	0	0	0	0	0	0	0	0	0	0	0	0	1	1																																									27741	0	17099	611	100	1639	28	0	469	Bianca	Bianca	0				0			20677	10338	2538	18138	2	0	18138	20677	10338	2538	18138	2	0	18138	15		18138		295,1
Recording048	ProVisioNET_pilot_03_03_novice	Female	Novice	Whispering_fix	1	fullstream	Bianca	0	0	0	0	0	0	0	0	0	0	0	0	0	0	0	0	0	0	0	0	0	0	0	0	0	0	0	0	0	0	0	0	0	0	0	0	0	0	0	0	1	1																																									27741	0	1108	369	140	780	3	23215	140	Bianca	Bianca	0				0			1108	369	140	780	3	23215	140	1268	423	160	879	3	23195	160	0	26813	23355	431,3	229,51
Recording048	ProVisioNET_pilot_03_03_novice	Female	Novice	Whispering_fix	1	fullstream	Carl(a)	0	0	0	0	0	0	0	0	0	0	0	0	0	0	0	0	0	0	0	0	0	0	0	0	0	0	0	0	0	0	0	0	0	0	0	0	0	0	0	0	1	1																																									27741	0	0				0			Bianca	Bianca	0				0			0				0			0				0			0				
Recording048	ProVisioNET_pilot_03_03_novice	Female	Novice	Whispering_fix	1	fullstream	Disruptive_Person	0	0	0	0	0	0	0	0	0	0	0	0	0	0	0	0	0	0	0	0	0	0	0	0	0	0	0	0	0	0	0	0	0	0	0	0	0	0	0	0	1	1																																									27741	0	15480	595	100	1639	26	0	469	Bianca	Bianca	0				0			18818	6273	140	17898	3	0	17898	18938	6313	160	17898	3	0	17898	13	26813	17898	431,3	406,05
Recording048	ProVisioNET_pilot_03_03_novice	Female	Novice	Whispering_fix	1	fullstream	students_material	0	0	0	0	0	0	0	0	0	0	0	0	0	0	0	0	0	0	0	0	0	0	0	0	0	0	0	0	0	0	0	0	0	0	0	0	0	0	0	0	1	1																																									27741	0	6796	1133	340	2039	6	20777	340	Bianca	Bianca	0				0			7216	2405	1719	3438	3	20777	2059	7296	2432	1739	3458	3	20737	2099	1	20737	26813	227,18	431,3
Recording048	ProVisioNET_pilot_03_03_novice	Female	Novice	snapshop_A_nametag	1	snapshop_A_nametag	Nametag_Anna	0	0	0	0	0	0	0	0	0	0	0	0	0	0	0	0	0	0	0	0	0	0	0	0	0	0	0	0	0	0	0	0	0	0	0	0	0	0	0	0	0	0																																											0				0					0				0			0				0			0				0			0				
Recording048	ProVisioNET_pilot_03_03_novice	Female	Novice	snapshop_A_nametag	2	snapshop_A_nametag	Nametag_Anna	0	0	0	0	0	0	0	0	0	0	0	0	0	0	0	0	0	0	0	0	0	0	0	0	0	0	0	0	0	0	0	0	0	0	0	0	0	0	0	0	0	0																																											0				0					0				0			0				0			0				0			0				
Recording048	ProVisioNET_pilot_03_03_novice	Female	Novice	snapshop_A_nametag	3	snapshop_A_nametag	Nametag_Anna	0	0	0	0	0	0	0	0	0	0	0	0	0	0	0	0	0	0	0	0	0	0	0	0	0	0	0	0	0	0	0	0	0	0	0	0	0	0	0	0	0	0																																											800	400	380	420	2	0	420	Nametag_Anna	Nametag_Anna	0				0			2339	2339	2339	2339	1	0	2339	2339	2339	2339	2339	1	0	2339	1				
Recording048	ProVisioNET_pilot_03_03_novice	Female	Novice	snapshop_A_nametag	4	snapshop_A_nametag	Nametag_Anna	0	0	0	0	0	0	0	0	0	0	0	0	0	0	0	0	0	0	0	0	0	0	0	0	0	0	0	0	0	0	0	0	0	0	0	0	0	0	0	0	0	0																																											260	260	260	260	1	0	260	Nametag_Anna	Nametag_Anna	0				0			260	260	260	260	1	0	260	260	260	260	260	1	0	260	0				
Recording048	ProVisioNET_pilot_03_03_novice	Female	Novice	snapshop_B_nametag	1	snapshop_B_nametag	Nametag_Bianca	0	1	0	0	0	0	0	0	0	0	0	0	0	0	0	0	0	0	0	0	0	0	0	1	0	0	0	0	0	0	0	0	0	0	0	0	0	0	0	0	0	0		108																						945																			580	290	140	440	2	0	140	Nametag_Bianca		0				0			2059	2059	2059	2059	1	0	2059	2059	2059	2059	2059	1	0	2059	3				
Recording048	ProVisioNET_pilot_03_03_novice	Female	Novice	snapshop_B_nametag	2	snapshop_B_nametag	Nametag_Bianca	0	0	0	0	0	0	0	0	0	0	0	0	0	0	0	0	0	0	0	0	0	0	0	0	0	0	0	0	0	0	0	0	0	0	0	0	0	0	0	0	0	0																																											740	740	740	740	1	0	740	Nametag_Bianca	Nametag_Bianca	0				0			740	740	740	740	1	0	740	740	740	740	740	1	0	740	0				
Recording048	ProVisioNET_pilot_03_03_novice	Female	Novice	snapshop_board_screen	1	snapshop_board_screen	Board_Screen	0	0	0	0	0	0	0	0	0	0	0	0	0	0	0	0	0	0	0	0	0	0	0	0	0	0	0	0	0	0	0	0	0	0	0	0	0	0	0	0	0	0																																											1199	300	100	660	4	0	120	Board_Screen		0				0			1619	1619	1619	1619	1	0	1619	1619	1619	1619	1619	1	0	1619	2				
Recording048	ProVisioNET_pilot_03_03_novice	Female	Novice	snapshop_board_screen	2	snapshop_board_screen	Board_Screen	0	0	0	0	0	0	0	0	0	0	0	0	0	0	0	0	0	0	0	0	0	0	0	0	0	0	0	0	0	0	0	0	0	0	0	0	0	0	0	0	0	0																																											1039	208	80	340	5	0	340	Board_Screen	Board_Screen	0				0			3318	3318	3318	3318	1	0	3318	3318	3318	3318	3318	1	0	3318	2				
Recording048	ProVisioNET_pilot_03_03_novice	Female	Novice	snapshop_board_screen	3	snapshop_board_screen	Board_Screen	0	0	0	0	0	0	0	0	0	0	0	0	0	0	0	0	0	0	0	0	0	0	0	0	0	0	0	0	0	0	0	0	0	0	0	0	0	0	0	0	0	0																																											200	200	200	200	1	0	200	Board_Screen	Board_Screen	0				0			200	200	200	200	1	0	200	200	200	200	200	1	0	200	0				
Recording048	ProVisioNET_pilot_03_03_novice	Female	Novice	snapshop_board_screen	4	snapshop_board_screen	Board_Screen	0	0	0	0	0	0	0	0	0	0	0	0	0	0	0	0	0	0	0	0	0	0	0	0	0	0	0	0	0	0	0	0	0	0	0	0	0	0	0	0	0	0																																											2678	536	260	879	5	0	500	Board_Screen	Board_Screen	0				0			2878	2878	2878	2878	1	0	2878	2878	2878	2878	2878	1	0	2878	3				
Recording048	ProVisioNET_pilot_03_03_novice	Female	Novice	snapshop_C_nametag	1	snapshop_C_nametag	Nametag_Carl(a)	0	0	0	0	0	0	0	0	0	0	0	0	0	0	0	0	0	0	0	0	0	0	0	1	0	0	0	0	0	0	0	0	0	0	0	0	0	0	0	0	0	0																								465																			520	173	120	240	3	0	120	Nametag_Carl(a)	Nametag_Carl(a)	0				0			680	680	680	680	1	0	680	680	680	680	680	1	0	680	1				
Recording048	ProVisioNET_pilot_03_03_novice	Female	Novice	snapshop_C_nametag	2	snapshop_C_nametag	Nametag_Carl(a)	0	0	0	0	0	0	0	0	0	0	0	0	0	0	0	0	0	0	0	0	0	0	0	0	0	0	0	0	0	0	0	0	0	0	0	0	0	0	0	0	0	0																																											0				0					0				0			40	40	40	40	1	0	40	40	40	40	40	1	0	40	0				
Recording048	ProVisioNET_pilot_03_03_novice	Female	Novice	snapshop_C_nametag	3	snapshop_C_nametag	Nametag_Carl(a)	0	0	0	0	0	0	0	0	0	0	0	0	0	0	0	0	0	0	0	0	0	0	0	0	0	0	0	0	0	0	0	0	0	0	0	0	0	0	0	0	0	0																																											0				0					0				0			80	80	80	80	1	0	80	80	80	80	80	1	0	80	0				
Recording048	ProVisioNET_pilot_03_03_novice	Female	Novice	snapshop_C_nametag	4	snapshop_C_nametag	Nametag_Carl(a)	0	0	0	0	0	0	0	0	0	0	0	0	0	0	0	0	0	0	0	0	0	0	0	0	0	0	0	0	0	0	0	0	0	0	0	0	0	0	0	0	0	0																																											220	110	100	120	2	0	100	Nametag_Carl(a)	Nametag_Carl(a)	0				0			260	260	260	260	1	0	260	260	260	260	260	1	0	260	1				
Recording048	ProVisioNET_pilot_03_03_novice	Female	Novice	snapshop_C_nametag	5	snapshop_C_nametag	Nametag_Carl(a)	0	0	0	0	0	0	0	0	0	0	0	0	0	0	0	0	0	0	0	0	0	0	0	0	0	0	0	0	0	0	0	0	0	0	0	0	0	0	0	0	0	0																																											100	100	100	100	1	0	100	Nametag_Carl(a)	Nametag_Carl(a)	0				0			100	100	100	100	1	0	100	100	100	100	100	1	0	100	0				
Recording048	ProVisioNET_pilot_03_03_novice	Female	Novice	snapshop_C_nametag	6	snapshop_C_nametag	Nametag_Carl(a)	0	0	0	0	0	0	0	0	0	0	0	0	0	0	0	0	0	0	0	0	0	0	0	0	0	0	0	0	0	0	0	0	0	0	0	0	0	0	0	0	0	0																																											180	180	180	180	1	0	180	Nametag_Carl(a)	Nametag_Carl(a)	0				0			180	180	180	180	1	0	180	180	180	180	180	1	0	180	0				
Recording048	ProVisioNET_pilot_03_03_novice	Female	Novice	snapshop_C_nametag	7	snapshop_C_nametag	Nametag_Carl(a)	0	0	0	0	0	0	0	0	0	0	0	0	0	0	0	0	0	0	0	0	0	0	0	0	0	0	0	0	0	0	0	0	0	0	0	0	0	0	0	0	0	0																																											260	260	260	260	1	0	260	Nametag_Carl(a)	Nametag_Carl(a)	0				0			260	260	260	260	1	0	260	260	260	260	260	1	0	260	0				
Recording048	ProVisioNET_pilot_03_03_novice	Female	Novice	snapshot_classroom_others	1	snapshot_classroom_others	Classroom_Others	0	0	0	0	0	0	0	0	0	0	0	0	0	0	0	0	0	0	0	0	0	0	0	1	0	0	0	0	0	0	0	0	0	0	0	0	0	0	0	0	0	0																								590																			1339	268	80	720	5	0	80	Classroom_Others		0				0			5797	5797	5797	5797	1	0	5797	5797	5797	5797	5797	1	0	5797	6				
Recording048	ProVisioNET_pilot_03_03_novice	Female	Novice	snapshot_classroom_others	2	snapshot_classroom_others	Classroom_Others	0	0	0	0	0	0	0	0	0	0	0	0	0	0	0	0	0	0	0	0	0	0	0	0	0	0	0	0	0	0	0	0	0	0	0	0	0	0	0	0	0	0																																											0				0					0				0			20	20	20	20	1	0	20	20	20	20	20	1	0	20	0				
Recording048	ProVisioNET_pilot_03_03_novice	Female	Novice	snapshot_classroom_others	3	snapshot_classroom_others	Classroom_Others	0	0	0	0	0	0	0	0	0	0	0	0	0	0	0	0	0	0	0	0	0	0	0	0	0	0	0	0	0	0	0	0	0	0	0	0	0	0	0	0	0	0																																											0				0					0				0			20	20	20	20	1	0	20	20	20	20	20	1	0	20	0				
Recording048	ProVisioNET_pilot_03_03_novice	Female	Novice	snapshot_classroom_others	4	snapshot_classroom_others	Classroom_Others	0	0	0	0	0	0	0	0	0	0	0	0	0	0	0	0	0	0	0	0	0	0	0	0	0	0	0	0	0	0	0	0	0	0	0	0	0	0	0	0	0	0																																											2938	226	80	420	13	0	140	Classroom_Others	Classroom_Others	0				0			6296	6296	6296	6296	1	0	6296	6296	6296	6296	6296	1	0	6296	12				
Recording048	ProVisioNET_pilot_03_03_novice	Female	Novice	snapshot_classroom_others	5	snapshot_classroom_others	Classroom_Others	0	0	0	0	0	0	0	0	0	0	0	0	0	0	0	0	0	0	0	0	0	0	0	0	0	0	0	0	0	0	0	0	0	0	0	0	0	0	0	0	0	0																																											1459	292	160	420	5	0	160	Classroom_Others	Classroom_Others	0				0			1759	1759	1759	1759	1	0	1759	1759	1759	1759	1759	1	0	1759	3				
Recording048	ProVisioNET_pilot_03_03_novice	Female	Novice	snapshot_classroom_others	6	snapshot_classroom_others	Classroom_Others	0	0	0	0	0	0	0	0	0	0	0	0	0	0	0	0	0	0	0	0	0	0	0	0	0	0	0	0	0	0	0	0	0	0	0	0	0	0	0	0	0	0																																											220	220	220	220	1	0	220	Classroom_Others	Classroom_Others	0				0			220	220	220	220	1	0	220	220	220	220	220	1	0	220	0				
Recording048	ProVisioNET_pilot_03_03_novice	Female	Novice	snapshot_classroom_others	7	snapshot_classroom_others	Classroom_Others	0	0	0	0	0	0	0	0	0	0	0	0	0	0	0	0	0	0	0	0	0	0	0	0	0	0	0	0	0	0	0	0	0	0	0	0	0	0	0	0	0	0																																											1859	232	100	760	8	0	760	Classroom_Others	Classroom_Others	0				0			4317	4317	4317	4317	1	0	4317	4317	4317	4317	4317	1	0	4317	8				
Recording048	ProVisioNET_pilot_03_03_novice	Female	Novice	snapshot_classroom_others	8	snapshot_classroom_others	Classroom_Others	0	0	0	0	0	0	0	0	0	0	0	0	0	0	0	0	0	0	0	0	0	0	0	0	0	0	0	0	0	0	0	0	0	0	0	0	0	0	0	0	0	0																																											819	205	140	260	4	0	200	Classroom_Others	Classroom_Others	0				0			4377	4377	4377	4377	1	0	4377	4377	4377	4377	4377	1	0	4377	10				
Recording048	ProVisioNET_pilot_03_03_novice	Female	Novice	snapshot_classroom_others	9	snapshot_classroom_others	Classroom_Others	0	0	0	0	0	0	0	0	0	0	0	0	0	0	0	0	0	0	0	0	0	0	0	0	0	0	0	0	0	0	0	0	0	0	0	0	0	0	0	0	0	0																																											3458	231	80	1059	15	0	1059	Classroom_Others	Classroom_Others	0				0			9694	9694	9694	9694	1	0	9694	9694	9694	9694	9694	1	0	9694	8				
Recording048	ProVisioNET_pilot_03_03_novice	Female	Novice	snapshot_classroom_others	10	snapshot_classroom_others	Classroom_Others	0	0	0	0	0	0	0	0	0	0	0	0	0	0	0	0	0	0	0	0	0	0	0	0	0	0	0	0	0	0	0	0	0	0	0	0	0	0	0	0	0	0																																											760	380	220	540	2	0	540	Classroom_Others	Classroom_Others	0				0			800	800	800	800	1	0	800	800	800	800	800	1	0	800	1				
Recording048	ProVisioNET_pilot_03_03_novice	Female	Novice	snapshot_disruptive_person	1	snapshot_disruptive_person	Disruptive_Person	0	0	0	0	0	0	0	0	0	0	0	0	0	0	0	0	0	0	0	0	0	0	0	0	0	0	0	0	0	0	0	0	0	0	0	0	0	1	0	0	0	0																																						1899					3678	736	120	1959	5	0	120	Disruptive_Person	Disruptive_Person	0				0			3958	3958	3958	3958	1	0	3958	3958	3958	3958	3958	1	0	3958	2				
Recording048	ProVisioNET_pilot_03_03_novice	Female	Novice	snapshot_disruptive_person	2	snapshot_disruptive_person	Disruptive_Person	0	0	0	0	0	0	0	0	0	0	0	0	0	0	0	0	0	0	1	0	0	0	0	0	0	0	0	0	0	0	0	0	0	0	0	0	0	0	0	0	0	0																			1276																								1799	1799	1799	1799	1	0	1799	Disruptive_Person	Disruptive_Person	0				0			1799	1799	1799	1799	1	0	1799	1799	1799	1799	1799	1	0	1799	0				
Recording048	ProVisioNET_pilot_03_03_novice	Female	Novice	snapshot_disruptive_person	3	snapshot_disruptive_person	Disruptive_Person	0	0	0	0	0	0	0	0	0	0	0	0	0	0	0	0	0	0	0	0	0	0	0	0	0	0	0	0	0	0	0	0	0	0	0	0	0	0	0	0	0	0																																											160	160	160	160	1	0	160	Disruptive_Person	Disruptive_Person	0				0			160	160	160	160	1	0	160	160	160	160	160	1	0	160	0				
Recording048	ProVisioNET_pilot_03_03_novice	Female	Novice	snapshot_disruptive_person	4	snapshot_disruptive_person	Disruptive_Person	0	0	0	0	0	0	0	0	0	0	0	0	0	0	0	0	0	0	0	0	0	0	0	0	0	0	0	0	0	0	0	0	0	0	0	0	0	0	0	0	0	0																																											1879	268	80	540	7	0	100	Disruptive_Person		0				0			2918	2918	2918	2918	1	0	2918	2918	2918	2918	2918	1	0	2918	5				
Recording048	ProVisioNET_pilot_03_03_novice	Female	Novice	snapshot_disruptive_person	5	snapshot_disruptive_person	Disruptive_Person	0	0	0	0	0	0	0	0	0	0	0	0	0	0	0	0	0	0	0	0	0	0	0	0	0	0	0	0	0	0	0	0	0	0	0	0	0	0	0	0	0	0																																											1939	1939	1939	1939	1	0	1939	Disruptive_Person	Disruptive_Person	0				0			1939	1939	1939	1939	1	0	1939	1939	1939	1939	1939	1	0	1939	0				
Recording048	ProVisioNET_pilot_03_03_novice	Female	Novice	snapshot_disruptive_person	6	snapshot_disruptive_person	Disruptive_Person	0	0	0	0	0	0	0	0	0	0	0	0	0	0	0	0	0	0	0	0	0	0	0	0	0	0	0	0	0	0	0	0	0	0	0	0	0	0	0	0	0	0																																											4617	420	80	1559	11	0	80	Disruptive_Person	Disruptive_Person	0				0			5717	5717	5717	5717	1	0	5717	5717	5717	5717	5717	1	0	5717	10				
Recording048	ProVisioNET_pilot_03_03_novice	Female	Novice	snapshot_disruptive_person	7	snapshot_disruptive_person	Disruptive_Person	0	0	0	0	0	0	0	0	0	0	0	0	0	0	1	1	0	0	0	0	0	0	0	0	0	0	0	0	0	0	0	0	0	0	0	0	0	0	0	0	0	0															12799	656																											4497	450	80	919	10	0	360	Disruptive_Person	Disruptive_Person	0				0			12972	12972	12972	12972	1	0	12972	12972	12972	12972	12972	1	0	12972	17				
Recording048	ProVisioNET_pilot_03_03_novice	Female	Novice	snapshot_disruptive_person	8	snapshot_disruptive_person	Disruptive_Person	0	0	0	0	0	0	0	0	0	0	0	0	0	0	0	0	0	0	0	0	0	0	0	0	0	0	0	0	0	0	0	0	0	0	0	0	0	0	0	0	0	1																																										151	14711	613	100	1639	24	0	620	Disruptive_Person	Disruptive_Person	0				0			18049	18049	18049	18049	1	0	18049	18049	18049	18049	18049	1	0	18049	13				
Recording048	ProVisioNET_pilot_03_03_novice	Female	Novice	snapshot_disruptive_person	9	snapshot_disruptive_person	Disruptive_Person	0	0	0	0	0	0	0	0	0	0	0	0	0	0	0	0	0	0	0	0	0	0	0	0	0	0	0	0	0	0	0	0	0	0	0	0	0	0	0	0	0	0																																											919	460	140	780	2	0	140	Disruptive_Person	Disruptive_Person	0				0			4477	4477	4477	4477	1	0	4477	4477	4477	4477	4477	1	0	4477	2				
Recording048	ProVisioNET_pilot_03_03_novice	Female	Novice	snapshot_disruptive_person	10	snapshot_disruptive_person	Disruptive_Person	0	0	0	0	0	0	0	0	0	1	0	0	0	0	0	0	0	0	0	0	0	0	0	0	0	0	0	0	0	0	0	0	0	0	0	0	0	0	0	0	0	0										1350																																	1339	446	160	780	3	0	780	Disruptive_Person	Disruptive_Person	0				0			1919	1919	1919	1919	1	0	1919	1919	1919	1919	1919	1	0	1919	1				
Recording048	ProVisioNET_pilot_03_03_novice	Female	Novice	snapshot_disruptive_person	11	snapshot_disruptive_person	Disruptive_Person	0	0	0	0	0	0	0	0	0	0	0	0	0	0	0	0	0	0	0	0	0	0	0	0	0	0	0	0	0	0	0	0	0	0	0	0	0	0	0	0	0	0																																											360	360	360	360	1	0	360	Disruptive_Person	Disruptive_Person	0				0			360	360	360	360	1	0	360	360	360	360	360	1	0	360	0				
Recording048	ProVisioNET_pilot_03_03_novice	Female	Novice	snapshot_disruptive_person	12	snapshot_disruptive_person	Disruptive_Person	0	0	0	0	0	0	0	0	0	0	0	0	0	0	0	0	0	0	0	0	0	0	0	0	0	0	0	0	0	0	0	0	0	0	0	0	0	0	0	0	0	0																																											1899	475	260	720	4	0	620	Disruptive_Person	Disruptive_Person	0				0			2019	2019	2019	2019	1	0	2019	2019	2019	2019	2019	1	0	2019	1				
Recording048	ProVisioNET_pilot_03_03_novice	Female	Novice	snapshot_disruptive_person	13	snapshot_disruptive_person	Disruptive_Person	0	0	0	0	0	0	0	0	0	0	0	0	0	0	0	0	0	0	0	0	0	0	0	0	0	0	0	0	0	0	0	0	0	0	0	0	0	0	0	0	0	0																																											1759	879	120	1639	2	40	120	Disruptive_Person	Disruptive_Person	0				0			1839	1839	1839	1839	1	0	1839	1839	1839	1839	1839	1	0	1839	1				
Recording048	ProVisioNET_pilot_03_03_novice	Female	Novice	snapshot_material_teacher	1	snapshot_material_teacher	teacher_material	0	0	0	0	0	0	0	0	0	0	0	0	0	0	0	0	0	0	0	0	0	0	0	0	0	0	0	0	0	0	0	0	0	0	0	0	0	0	0	0	0	0																																											0				0					0				0			0				0			0				0			0				
Recording048	ProVisioNET_pilot_03_03_novice	Female	Novice	snapshot_material_teacher	2	snapshot_material_teacher	teacher_material	0	0	0	0	0	0	0	0	0	0	0	0	0	0	0	0	0	0	0	0	0	0	0	0	0	0	0	0	0	0	0	0	0	0	0	0	0	0	0	0	0	0																																											0				0					0				0			0				0			0				0			0				
Recording048	ProVisioNET_pilot_03_03_novice	Female	Novice	snapshot_material_teacher	3	snapshot_material_teacher	teacher_material	0	0	0	0	0	0	0	0	0	0	0	0	0	0	0	0	0	0	0	0	0	0	0	0	0	0	0	0	0	0	0	0	0	0	0	0	0	0	0	0	0	0																																											0				0					0				0			0				0			0				0			0				
Recording048	ProVisioNET_pilot_03_03_novice	Female	Novice	snapshot_material_teacher	4	snapshot_material_teacher	teacher_material	0	0	0	0	0	0	0	0	0	0	0	0	0	0	0	0	0	0	0	0	0	0	0	0	0	0	0	0	0	0	0	0	0	0	0	0	0	0	0	0	0	0																																											0				0					0				0			0				0			0				0			0				
Recording048	ProVisioNET_pilot_03_03_novice	Female	Novice	snapshot_material_teacher	5	snapshot_material_teacher	teacher_material	0	0	0	0	0	0	0	0	0	0	0	0	0	0	0	0	0	0	0	0	0	0	0	0	0	0	0	0	0	0	0	0	0	0	0	0	0	0	0	0	0	0																																											0				0					0				0			0				0			0				0			0				
Recording048	ProVisioNET_pilot_03_03_novice	Female	Novice	snapshot_material_teacher	6	snapshot_material_teacher	teacher_material	0	0	0	0	0	0	0	0	0	0	0	0	0	0	0	0	0	0	0	0	0	0	0	0	0	0	0	0	0	0	0	0	0	0	0	0	0	0	0	0	0	0																																											0				0					0				0			0				0			0				0			0				
Recording048	ProVisioNET_pilot_03_03_novice	Female	Novice	snapshot_material_teacher	7	snapshot_material_teacher	teacher_material	0	0	0	0	0	0	0	0	0	0	0	0	0	0	0	0	0	0	0	0	0	0	0	0	0	0	0	0	0	0	0	0	0	0	0	0	0	0	0	0	0	0																																											0				0					0				0			0				0			0				0			0				
Recording048	ProVisioNET_pilot_03_03_novice	Female	Novice	snapshot_material_teacher	8	snapshot_material_teacher	teacher_material	0	0	0	0	0	0	0	0	0	0	0	0	0	0	0	0	0	0	0	0	0	0	0	0	0	0	0	0	0	0	0	0	0	0	0	0	0	0	0	0	0	0																																											0				0					0				0			0				0			0				0			0				
Recording048	ProVisioNET_pilot_03_03_novice	Female	Novice	snapshot_students	1	snapshot_students	Anna	0	2	0	0	0	0	0	0	0	0	0	0	0	0	0	0	0	0	0	0	0	0	0	1	0	0	0	0	0	0	0	0	0	0	0	0	0	0	0	0	0	0		6557																						8600																			9814	613	80	2599	16	1599	320	Bianca	Bianca	0				0			10514	2628	500	5037	4	1599	500	10514	2628	500	5037	4	1599	500	8	43055	44914	410,54	441,37
Recording048	ProVisioNET_pilot_03_03_novice	Female	Novice	snapshot_students	1	snapshot_students	Bianca	0	2	0	0	0	0	0	0	0	0	0	0	0	0	0	0	0	0	0	0	0	0	0	1	0	0	0	0	0	0	0	0	0	0	0	0	0	0	0	0	0	0		6557																						8600																			27444	653	80	4357	42	40	180	Bianca	Bianca	0				0			32681	5447	120	20328	6	40	1439	32721	5454	120	20328	6	0	1479	17	3758	43055	232,83	410,54
Recording048	ProVisioNET_pilot_03_03_novice	Female	Novice	snapshot_students	1	snapshot_students	Carl(a)	0	2	0	0	0	0	0	0	0	0	0	0	0	0	0	0	0	0	0	0	0	0	0	1	0	0	0	0	0	0	0	0	0	0	0	0	0	0	0	0	0	0		6557																						8600																			1299	650	80	1219	2	45714	80	Bianca	Bianca	0				0			1419	1419	1419	1419	1	45714	1419	1419	1419	1419	1419	1	45714	1419	0				
Recording048	ProVisioNET_pilot_03_03_novice	Female	Novice	snapshot_students	2	snapshot_students	Anna	0	0	0	0	0	0	0	0	0	0	0	0	0	0	0	0	0	0	0	0	0	0	0	0	0	0	0	0	0	0	0	0	0	0	0	0	0	0	0	0	0	0																																											5037	336	80	999	15	26964	180	Bianca	Bianca	0				0			7815	1563	380	3858	5	26964	3858	7815	1563	380	3858	5	26964	3858	5	26944	30822	193,79	291,38
Recording048	ProVisioNET_pilot_03_03_novice	Female	Novice	snapshot_students	2	snapshot_students	Bianca	0	0	0	0	0	0	0	0	0	0	0	0	0	0	0	0	0	0	0	0	0	0	0	0	0	0	0	0	0	0	0	0	0	0	0	0	0	0	0	0	0	0																																											38877	589	80	3138	66	0	320	Bianca	Bianca	0				0			67101	11184	120	26944	6	0	26944	67101	11184	120	26944	6	0	26944	51	31342	26944	447,41	193,79
Recording048	ProVisioNET_pilot_03_03_novice	Female	Novice	snapshot_students	2	snapshot_students	Carl(a)	0	0	0	0	0	0	0	0	0	0	0	0	0	0	0	0	0	0	0	0	0	0	0	0	0	0	0	0	0	0	0	0	0	0	0	0	0	0	0	0	0	0																																											0				0			Bianca	Bianca	0				0			0				0			0				0			0				
Recording048	ProVisioNET_pilot_03_03_novice	Female	Novice	snapshot_students	3	snapshot_students	Anna	0	0	0	0	0	0	0	0	0	0	0	0	0	0	0	0	0	0	0	0	0	0	0	0	0	0	0	0	0	0	0	0	0	0	0	0	0	0	0	0	0	0																																											160	160	160	160	1	12313	160	Carl(a)	Carl(a)	0				0			160	160	160	160	1	12313	160	160	160	160	160	1	12313	160	0				
Recording048	ProVisioNET_pilot_03_03_novice	Female	Novice	snapshot_students	3	snapshot_students	Bianca	0	0	0	0	0	0	0	0	0	0	0	0	0	0	0	0	0	0	0	0	0	0	0	0	0	0	0	0	0	0	0	0	0	0	0	0	0	0	0	0	0	0																																											3158	451	80	1699	7	0	260	Carl(a)	Carl(a)	0				0			12073	12073	12073	12073	1	0	12073	12073	12073	12073	12073	1	0	12073	8				
Recording048	ProVisioNET_pilot_03_03_novice	Female	Novice	snapshot_students	3	snapshot_students	Carl(a)	0	0	0	0	0	0	0	0	0	0	0	0	0	0	0	0	0	0	0	0	0	0	0	0	0	0	0	0	0	0	0	0	0	0	0	0	0	0	0	0	0	0																																											2079	260	80	480	8	12633	80	Carl(a)	Carl(a)	0				0			2359	2359	2359	2359	1	12633	2359	2359	2359	2359	2359	1	12633	2359	4				
Recording048	ProVisioNET_pilot_03_03_novice	Female	Novice	snapshot_students	4	snapshot_students	Anna	0	0	0	0	0	0	0	0	0	0	0	0	0	0	0	0	0	0	1	0	0	0	0	0	0	0	0	0	0	0	0	0	0	0	0	0	1	1	1	0	0	0																			118727																		57759	29903	27759				16331	653	80	2598	25	10114	100	Carl(a)	Carl(a)	0				0			19808	3962	780	11953	5	10114	3158	19808	3962	780	11953	5	10114	3158	8	10054	40996	510,86	328,88
Recording048	ProVisioNET_pilot_03_03_novice	Female	Novice	snapshot_students	4	snapshot_students	Bianca	0	0	0	0	0	0	0	0	0	0	0	0	0	0	0	0	0	0	1	0	0	0	0	0	0	0	0	0	0	0	0	0	0	0	0	0	1	1	1	0	0	0																			118727																		57759	29903	27759				48632	705	80	4377	69	2119	80	Carl(a)	Carl(a)	0				0			68560	8570	840	44174	8	2119	2658	68560	8570	840	44174	8	2119	2658	42	5837	22587	533,82	163,43
Recording048	ProVisioNET_pilot_03_03_novice	Female	Novice	snapshot_students	4	snapshot_students	Carl(a)	0	0	0	0	0	0	0	0	0	0	0	0	0	0	0	0	0	0	1	0	0	0	0	0	0	0	0	0	0	0	0	0	0	0	0	0	1	1	1	0	0	0																			118727																		57759	29903	27759				7316	1045	120	2019	7	0	1019	Carl(a)	Carl(a)	0				0			7855	1964	560	4477	4	0	1019	7855	1964	560	4477	4	0	1019	1		5837		533,82
Recording048	ProVisioNET_pilot_03_03_novice	Female	Novice	snapshot_students	5	snapshot_students	Anna	0	0	0	0	0	0	0	0	0	0	0	0	0	0	0	0	1	1	0	0	0	0	0	0	0	0	0	0	0	0	0	0	0	0	0	0	0	0	0	0	0	0																	19123	19271																									1179	393	160	520	3	11993	500	Anna	Anna	0				0			1179	393	160	520	3	11993	500	1179	393	160	520	3	11993	500	0	11953	12493	287,91	118,67
Recording048	ProVisioNET_pilot_03_03_novice	Female	Novice	snapshot_students	5	snapshot_students	Bianca	0	0	0	0	0	0	0	0	0	0	0	0	0	0	0	0	1	1	0	0	0	0	0	0	0	0	0	0	0	0	0	0	0	0	0	0	0	0	0	0	0	0																	19123	19271																									10094	326	80	1559	31	0	160	Anna	Anna	0				0			17590	4397	700	11953	4	0	11953	17590	4397	700	11953	4	0	11953	13	12493	11953	118,67	287,91
Recording048	ProVisioNET_pilot_03_03_novice	Female	Novice	snapshot_students	5	snapshot_students	Carl(a)	0	0	0	0	0	0	0	0	0	0	0	0	0	0	0	0	1	1	0	0	0	0	0	0	0	0	0	0	0	0	0	0	0	0	0	0	0	0	0	0	0	0																	19123	19271																									3478	869	440	1479	4	14831	500	Anna	Anna	0				0			3798	3798	3798	3798	1	14831	3798	3798	3798	3798	3798	1	14831	3798	0		18629		131,47
Recording048	ProVisioNET_pilot_03_03_novice	Female	Novice	snapshot_students	6	snapshot_students	Anna	0	0	0	0	0	0	0	0	0	0	0	0	0	0	0	0	0	0	0	0	0	1	0	0	0	0	0	0	0	0	0	0	0	0	0	0	0	0	0	0	0	0																						46378																					4477	640	160	1499	7	0	160	Bianca	Bianca	0				0			4637	1159	160	2199	4	0	160	4677	1169	160	2239	4	0	160	2	34320	160	393,31	366,94
Recording048	ProVisioNET_pilot_03_03_novice	Female	Novice	snapshot_students	6	snapshot_students	Bianca	0	0	0	0	0	0	0	0	0	0	0	0	0	0	0	0	0	0	0	0	0	1	0	0	0	0	0	0	0	0	0	0	0	0	0	0	0	0	0	0	0	0																						46378																					18629	565	80	2119	33	220	1559	Bianca	Bianca	0				0			36938	9235	1559	16071	4	220	1559	36938	9235	1559	16071	4	220	1559	31	160	1779	366,94	377,39
Recording048	ProVisioNET_pilot_03_03_novice	Female	Novice	snapshot_students	6	snapshot_students	Carl(a)	0	0	0	0	0	0	0	0	0	0	0	0	0	0	0	0	0	0	0	0	0	1	0	0	0	0	0	0	0	0	0	0	0	0	0	0	0	0	0	0	0	0																						46378																					0				0			Bianca	Bianca	0				0			0				0			0				0			0				
Recording048	ProVisioNET_pilot_03_03_novice	Female	Novice	snapshot_students	7	snapshot_students	Anna	0	0	0	0	0	0	0	0	0	0	0	0	0	0	0	0	0	0	0	0	1	0	0	0	0	0	0	0	0	0	0	0	0	0	0	0	0	0	0	0	0	0																					5804																						2479	413	80	959	6	140	760	Bianca	Bianca	0				0			2539	846	360	1419	3	140	760	2539	846	360	1419	3	140	760	3	80	899	340,04	350,09
Recording048	ProVisioNET_pilot_03_03_novice	Female	Novice	snapshot_students	7	snapshot_students	Bianca	0	0	0	0	0	0	0	0	0	0	0	0	0	0	0	0	0	0	0	0	1	0	0	0	0	0	0	0	0	0	0	0	0	0	0	0	0	0	0	0	0	0																					5804																						2159	432	100	1559	5	1199	300	Bianca	Bianca	0				0			2658	886	100	1919	3	1199	1919	2658	886	100	1919	3	1199	1919	1	1139	3118	413,21	449,65
Recording048	ProVisioNET_pilot_03_03_novice	Female	Novice	snapshot_students	7	snapshot_students	Carl(a)	0	0	0	0	0	0	0	0	0	0	0	0	0	0	0	0	0	0	0	0	1	0	0	0	0	0	0	0	0	0	0	0	0	0	0	0	0	0	0	0	0	0																					5804																						80	80	80	80	1	0	80	Bianca	Bianca	0				0			80	80	80	80	1	0	80	80	80	80	80	1	0	80	0		80		340,04
Recording048	ProVisioNET_pilot_03_03_novice	Female	Novice	snapshot_students	8	snapshot_students	Anna	0	0	0	0	0	0	0	0	0	0	0	0	0	0	0	0	0	0	0	0	0	0	0	0	0	0	0	0	0	0	0	0	0	0	0	0	0	0	0	0	0	0																																											0				0			Bianca	Bianca	0				0			0				0			0				0			0				
Recording048	ProVisioNET_pilot_03_03_novice	Female	Novice	snapshot_students	8	snapshot_students	Bianca	0	0	0	0	0	0	0	0	0	0	0	0	0	0	0	0	0	0	0	0	0	0	0	0	0	0	0	0	0	0	0	0	0	0	0	0	0	0	0	0	0	0																																											17310	666	80	2179	26	0	959	Bianca	Bianca	0				0			30202	30202	30202	30202	1	0	30202	30202	30202	30202	30202	1	0	30202	13				
Recording048	ProVisioNET_pilot_03_03_novice	Female	Novice	snapshot_students	8	snapshot_students	Carl(a)	0	0	0	0	0	0	0	0	0	0	0	0	0	0	0	0	0	0	0	0	0	0	0	0	0	0	0	0	0	0	0	0	0	0	0	0	0	0	0	0	0	0																																											0				0			Bianca	Bianca	0				0			0				0			0				0			0				
Recording048	ProVisioNET_pilot_03_03_novice	Female	Novice	snapshot_students	9	snapshot_students	Anna	0	0	0	0	0	0	0	1	1	1	0	0	0	1	1	1	0	0	0	0	0	0	0	0	0	0	0	0	0	0	0	0	0	0	0	0	0	0	0	1	1	1								235589	233745	205589				53262	35406	23262																								146702	144443	116702	53708	512	80	2718	105	0	280	Anna	Anna	0				0			66001	4714	380	20888	14	0	4917	66041	4717	380	20888	14	0	4917	60	9255	27544	244,79	367,3
Recording048	ProVisioNET_pilot_03_03_novice	Female	Novice	snapshot_students	9	snapshot_students	Bianca	0	0	0	0	0	0	0	1	1	1	0	0	0	1	1	1	0	0	0	0	0	0	0	0	0	0	0	0	0	0	0	0	0	0	0	0	0	0	0	1	1	1								235589	233745	205589				53262	35406	23262																								146702	144443	116702	111534	558	80	7276	200	6136	360	Anna	Anna	120	120	120	120	1	179034	120	165602	12739	100	52729	13	6136	1819	165642	12742	100	52729	13	6136	1819	140	6056	48531	395,31	309,59
Recording048	ProVisioNET_pilot_03_03_novice	Female	Novice	snapshot_students	9	snapshot_students	Carl(a)	0	0	0	0	0	0	0	1	1	1	0	0	0	1	1	1	0	0	0	0	0	0	0	0	0	0	0	0	0	0	0	0	0	0	0	0	0	0	0	1	1	1								235589	233745	205589				53262	35406	23262																								146702	144443	116702	2239	249	100	780	9	58006	220	Anna	Anna	0				0			2598	866	780	919	3	58006	919	2638	879	780	959	3	57966	959	5		58925		222,64
Recording048	ProVisioNET_pilot_03_03_novice	Female	Novice	snapshot_students	10	snapshot_students	Anna	0	0	0	0	0	0	0	0	0	0	0	0	0	0	0	0	0	0	0	0	0	0	0	0	0	0	0	0	0	0	0	0	0	0	0	0	0	0	0	0	0	0																																											3038	3038	3038	3038	1	0	3038	Bianca	Bianca	0				0			3038	3038	3038	3038	1	0	3038	3038	3038	3038	3038	1	0	3038	0				
Recording048	ProVisioNET_pilot_03_03_novice	Female	Novice	snapshot_students	10	snapshot_students	Bianca	0	0	0	0	0	0	0	0	0	0	0	0	0	0	0	0	0	0	0	0	0	0	0	0	0	0	0	0	0	0	0	0	0	0	0	0	0	0	0	0	0	0																																											7675	853	100	3258	9	3338	120	Bianca	Bianca	0				0			8475	8475	8475	8475	1	3338	8475	8475	8475	8475	8475	1	3338	8475	2				
Recording048	ProVisioNET_pilot_03_03_novice	Female	Novice	snapshot_students	10	snapshot_students	Carl(a)	0	0	0	0	0	0	0	0	0	0	0	0	0	0	0	0	0	0	0	0	0	0	0	0	0	0	0	0	0	0	0	0	0	0	0	0	0	0	0	0	0	0																																											0				0			Bianca	Bianca	0				0			0				0			0				0			0				
Recording048	ProVisioNET_pilot_03_03_novice	Female	Novice	snapshot_students_material	1	snapshot_students_material	students_material	0	0	0	0	0	0	0	0	0	0	0	0	0	0	0	0	0	0	0	0	0	0	0	0	0	0	0	0	0	0	0	0	0	0	0	0	0	0	0	0	0	0																																											4357	871	100	2698	5	0	100	students_material	students_material	0				0			10634	10634	10634	10634	1	0	10634	10634	10634	10634	10634	1	0	10634	12				
Recording048	ProVisioNET_pilot_03_03_novice	Female	Novice	snapshot_students_material	2	snapshot_students_material	students_material	0	0	0	0	0	0	0	0	0	0	0	0	0	0	0	0	0	0	0	0	0	0	0	0	0	0	0	0	0	0	0	0	0	0	0	0	0	0	0	0	0	0																																											8475	530	80	1879	16	0	360	students_material	students_material	0				0			14612	14612	14612	14612	1	0	14612	14612	14612	14612	14612	1	0	14612	13				
Recording048	ProVisioNET_pilot_03_03_novice	Female	Novice	snapshot_students_material	3	snapshot_students_material	students_material	0	0	0	0	0	0	0	0	0	0	0	0	0	0	0	0	0	0	0	0	0	0	0	0	0	0	0	0	0	0	0	0	0	0	0	0	0	0	0	0	0	0																																											360	360	360	360	1	0	360	students_material	students_material	0				0			360	360	360	360	1	0	360	360	360	360	360	1	0	360	0				
Recording048	ProVisioNET_pilot_03_03_novice	Female	Novice	snapshot_students_material	4	snapshot_students_material	students_material	0	0	0	0	0	0	0	0	0	0	0	0	0	0	0	0	0	0	0	0	0	0	0	0	0	0	0	0	0	0	0	0	0	0	0	0	0	0	0	0	0	0																																											5477	456	100	1079	12	0	740	students_material	students_material	0				0			9694	9694	9694	9694	1	0	9694	9694	9694	9694	9694	1	0	9694	11				
Recording048	ProVisioNET_pilot_03_03_novice	Female	Novice	snapshot_students_material	5	snapshot_students_material	students_material	0	0	0	0	0	0	0	0	0	0	0	0	0	0	0	0	0	0	0	0	0	0	0	0	0	0	0	0	0	0	0	0	0	0	0	0	0	0	0	0	0	0																																											23546	981	80	2279	24	0	480	students_material	students_material	0				0			35819	35819	35819	35819	1	0	35819	35819	35819	35819	35819	1	0	35819	18				
Recording048	ProVisioNET_pilot_03_03_novice	Female	Novice	snapshot_students_material	6	snapshot_students_material	students_material	0	0	0	0	0	0	0	0	0	0	0	0	0	0	0	0	0	0	0	0	0	0	0	0	0	0	0	0	0	0	0	0	0	0	0	0	0	0	0	0	0	0																																											13152	548	80	1839	24	0	320	students_material	students_material	0				0			32781	32781	32781	32781	1	0	32781	32781	32781	32781	32781	1	0	32781	17				
Recording048	ProVisioNET_pilot_03_03_novice	Female	Novice	snapshot_students_material	7	snapshot_students_material	students_material	0	0	0	0	0	0	0	0	0	0	0	0	0	0	0	0	0	0	0	0	0	0	0	0	0	0	0	0	0	0	0	0	0	0	0	0	0	0	0	0	0	0																																											4437	493	80	1459	9	0	120	students_material	students_material	0				0			9854	9854	9854	9854	1	0	9854	9854	9854	9854	9854	1	0	9854	8				
Recording048	ProVisioNET_pilot_03_03_novice	Female	Novice	snapshot_students_material	8	snapshot_students_material	students_material	0	0	0	0	0	0	0	0	0	0	0	0	0	0	0	0	0	0	0	0	0	0	0	0	0	0	0	0	0	0	0	0	0	0	0	0	0	0	0	0	0	0																																											280	280	280	280	1	0	280	students_material	students_material	0				0			280	280	280	280	1	0	280	280	280	280	280	1	0	280	0				
Recording048	ProVisioNET_pilot_03_03_novice	Female	Novice	snapshot_students_material	9	snapshot_students_material	students_material	0	0	0	0	0	0	0	0	0	0	0	0	0	0	0	0	0	0	0	0	0	0	0	0	0	0	0	0	0	0	0	0	0	0	0	0	0	0	0	0	0	0																																											9514	1189	100	2818	8	0	1779	students_material	students_material	0				0			14691	14691	14691	14691	1	0	14691	14691	14691	14691	14691	1	0	14691	7				
Recording048	ProVisioNET_pilot_03_03_novice	Female	Novice	snapshot_students_material	10	snapshot_students_material	students_material	0	0	0	0	0	0	0	0	0	0	0	0	0	0	0	0	0	0	0	0	0	0	0	0	0	0	0	0	0	0	0	0	0	0	0	0	0	0	0	0	0	0																																											2359	590	140	1099	4	0	240	students_material	students_material	0				0			6596	6596	6596	6596	1	0	6596	6596	6596	6596	6596	1	0	6596	7				
Recording048	ProVisioNET_pilot_03_03_novice	Female	Novice	snapshot_students_material	11	snapshot_students_material	students_material	0	0	0	0	0	0	0	0	0	0	0	0	0	0	0	0	0	0	1	0	0	0	0	0	0	0	0	0	0	0	0	0	0	0	0	0	0	0	0	0	0	0																			6213																								14731	818	80	3038	18	0	220	students_material	students_material	0				0			20388	20388	20388	20388	1	0	20388	20388	20388	20388	20388	1	0	20388	9				
Recording048	ProVisioNET_pilot_03_03_novice	Female	Novice	snapshot_students_material	12	snapshot_students_material	students_material	0	0	0	0	0	0	0	0	0	0	0	0	0	0	0	0	1	1	0	0	0	0	0	0	0	0	0	0	0	0	0	0	0	0	0	0	0	0	0	0	0	0																	474	622																									10274	642	80	2299	16	0	1599	students_material		0				0			19009	19009	19009	19009	1	0	19009	19009	19009	19009	19009	1	0	19009	14				
Recording048	ProVisioNET_pilot_03_03_novice	Female	Novice	snapshot_students_material	13	snapshot_students_material	students_material	0	0	0	0	0	0	0	0	0	0	0	0	0	0	0	0	0	0	0	0	0	1	0	0	0	0	0	0	0	0	0	0	0	0	0	0	0	0	0	0	0	0																						11658																					9594	533	80	2339	18	0	680	students_material	students_material	0				0			18749	18749	18749	18749	1	0	18749	18749	18749	18749	18749	1	0	18749	13				
Recording048	ProVisioNET_pilot_03_03_novice	Female	Novice	snapshot_students_material	14	snapshot_students_material	students_material	0	0	0	0	0	0	0	0	0	0	0	0	0	0	0	0	0	0	0	1	0	0	0	0	0	0	0	0	0	0	0	0	0	0	0	0	0	0	0	0	0	0																				15794																							12153	486	80	2838	25	140	80	students_material	students_material	0				0			19329	19329	19329	19329	1	0	19329	19329	19329	19329	19329	1	0	19329	13				
Recording048	ProVisioNET_pilot_03_03_novice	Female	Novice	snapshot_students_material	15	snapshot_students_material	students_material	0	0	0	0	0	0	0	0	0	0	0	0	0	0	0	0	0	0	0	0	0	0	0	0	0	0	0	0	0	0	0	0	0	0	0	0	0	0	0	0	0	0																																											460	460	460	460	1	0	460	students_material	students_material	0				0			460	460	460	460	1	0	460	460	460	460	460	1	0	460	0				
Recording048	ProVisioNET_pilot_03_03_novice	Female	Novice	snapshot_students_material	16	snapshot_students_material	students_material	0	0	0	0	0	0	0	0	0	0	0	0	0	0	0	0	0	0	0	0	0	0	0	0	0	0	0	0	0	0	0	0	0	0	0	0	0	0	0	0	0	0																																											3918	280	80	760	14	0	400	students_material	students_material	0				0			16370	16370	16370	16370	1	0	16370	16370	16370	16370	16370	1	0	16370	14				
Recording048	ProVisioNET_pilot_03_03_novice	Female	Novice	snapshot_students_material	17	snapshot_students_material	students_material	0	0	0	0	0	0	0	0	0	0	0	0	0	0	0	0	0	0	0	0	0	0	0	0	0	0	0	0	0	0	0	0	0	0	0	0	0	0	0	0	0	0																																											2099	210	80	560	10	0	120	students_material	students_material	0				0			5537	5537	5537	5537	1	0	5537	5537	5537	5537	5537	1	0	5537	8				
Recording048	ProVisioNET_pilot_03_03_novice	Female	Novice	snapshot_students_material	18	snapshot_students_material	students_material	0	0	0	0	0	0	0	0	0	0	0	0	0	0	1	1	0	0	0	0	0	0	0	0	0	0	0	0	0	0	0	0	0	0	0	0	0	0	0	0	0	0															12299	156																											6976	367	140	899	19	0	240	students_material	students_material	0				0			13232	13232	13232	13232	1	0	13232	13232	13232	13232	13232	1	0	13232	16				
Recording048	ProVisioNET_pilot_03_03_novice	Female	Novice	snapshot_students_material	19	snapshot_students_material	students_material	0	0	0	0	0	0	0	0	0	0	0	0	0	0	0	0	0	0	0	0	0	0	0	0	0	0	0	0	0	0	0	0	0	0	0	0	0	0	0	0	0	0																																											600	600	600	600	1	0	600	students_material	students_material	0				0			600	600	600	600	1	0	600	600	600	600	600	1	0	600	0				
Recording048	ProVisioNET_pilot_03_03_novice	Female	Novice	snapshot_students_material	20	snapshot_students_material	students_material	0	0	0	0	0	0	0	0	0	0	0	0	0	0	0	0	0	0	0	0	0	0	0	0	0	0	0	0	0	0	0	0	0	0	0	0	0	0	0	0	0	0																																											3338	1669	300	3038	2	0	3038	students_material	students_material	0				0			3458	3458	3458	3458	1	0	3458	3458	3458	3458	3458	1	0	3458	0				
Recording048	ProVisioNET_pilot_03_03_novice	Female	Novice	snapshot_students_material	21	snapshot_students_material	students_material	0	0	0	0	0	0	0	0	0	0	0	0	0	0	0	0	0	0	0	0	0	0	0	0	0	0	0	0	0	0	0	0	0	0	0	0	0	0	0	0	1	0																																									6964		6796	1133	340	2039	6	0	340	students_material	students_material	0				0			8815	8815	8815	8815	1	0	8815	8815	8815	8815	8815	1	0	8815	3				
Recording048	ProVisioNET_pilot_03_03_novice	Female	Novice	snapshot_students_material	22	snapshot_students_material	students_material	0	0	0	0	0	0	0	0	0	0	0	0	0	0	0	0	0	0	0	0	0	0	0	0	0	0	0	0	0	0	0	0	0	0	0	0	0	0	0	0	0	0																																											540	270	240	300	2	0	240	students_material	students_material	0				0			600	600	600	600	1	0	600	600	600	600	600	1	0	600	1				
Recording048	ProVisioNET_pilot_03_03_novice	Female	Novice	snapshot_students_material	23	snapshot_students_material	students_material	0	0	0	0	0	0	0	0	0	0	0	0	0	0	0	0	0	0	0	0	0	0	0	0	0	0	0	0	0	0	0	0	0	0	0	0	0	0	0	0	0	0																																											4857	607	220	979	8	0	220	students_material	students_material	0				0			14811	14811	14811	14811	1	0	14811	14811	14811	14811	14811	1	0	14811	13				
Recording048	ProVisioNET_pilot_03_03_novice	Female	Novice	snapshot_students_material	24	snapshot_students_material	students_material	0	0	0	0	0	0	0	0	0	0	0	0	0	0	0	0	0	0	0	0	0	0	0	0	0	0	0	0	0	0	0	0	0	0	0	0	0	0	0	0	0	0																																											220	220	220	220	1	0	220	students_material		0				0			380	380	380	380	1	0	380	380	380	380	380	1	0	380	0				
Recording048	ProVisioNET_pilot_03_03_novice	Female	Novice	snapshot_students_material	25	snapshot_students_material	students_material	0	0	0	0	0	0	0	0	0	0	0	0	0	0	0	0	0	0	0	0	0	0	0	0	0	0	0	0	0	0	0	0	0	0	0	0	0	0	0	0	0	0																																											380	127	80	200	3	0	80	students_material	students_material	0				0			520	520	520	520	1	0	520	520	520	520	520	1	0	520	1				
Recording048	ProVisioNET_pilot_03_03_novice	Female	Novice	snapshot_students_material	26	snapshot_students_material	students_material	0	0	0	0	0	0	0	0	0	0	0	0	0	0	0	0	0	0	0	0	0	0	0	0	0	0	0	0	0	0	0	0	0	0	0	0	0	0	0	0	0	0																																											4257	473	80	1299	9	0	80	students_material	students_material	0				0			5976	5976	5976	5976	1	0	5976	5976	5976	5976	5976	1	0	5976	7				
Recording048	ProVisioNET_pilot_03_03_novice	Female	Novice	snapshot_students_material	27	snapshot_students_material	students_material	0	0	0	0	0	0	0	0	0	0	0	0	0	0	0	0	0	0	0	0	0	0	0	0	0	0	0	0	0	0	0	0	0	0	0	0	0	0	0	0	0	0																																											2539	317	100	520	8	0	520	students_material	students_material	0				0			9994	9994	9994	9994	1	0	9994	9994	9994	9994	9994	1	0	9994	5				
Recording048	ProVisioNET_pilot_03_03_novice	Female	Novice	snapshot_students_material	28	snapshot_students_material	students_material	0	0	0	0	0	0	0	0	0	0	0	0	0	0	0	0	0	0	0	0	0	0	0	0	0	0	0	0	0	0	0	0	0	0	0	0	0	0	0	0	0	0																																											4557	651	100	3118	7	40	100	students_material	students_material	0				0			5557	5557	5557	5557	1	0	5557	5557	5557	5557	5557	1	0	5557	1				
Recording048	ProVisioNET_pilot_03_03_novice	Female	Novice	Entire Recording	1	fullstream	Anna	0	2	2	1	0	0	0	1	1	1	0	0	0	1	1	1	1	1	1	1	1	1	0	2	0	0	0	0	0	0	0	0	0	0	0	0	1	1	1	1	1	1		30793	17849	793				715899	714054	685899				533572	515716	503572	354938	355086	324938	444834	428288	414834		24206													263969	236114	233969	627012	624753	597012	96224	538	80	3038	179	25835	320	Bianca		0				0			110755	2260	160	18289	49	25835	500	112994	2306	180	18289	49	25835	500	73	29413	69150	363,75	441,37
Recording048	ProVisioNET_pilot_03_03_novice	Female	Novice	Entire Recording	1	fullstream	Bianca	0	2	2	1	0	0	0	1	1	1	0	0	0	1	1	1	1	1	1	1	1	1	0	2	0	0	0	0	0	0	0	0	0	0	0	0	1	1	1	1	1	1		30793	17849	793				715899	714054	685899				533572	515716	503572	354938	355086	324938	444834	428288	414834		24206													263969	236114	233969	627012	624753	597012	285513	585	80	7276	488	24276	180	Bianca		120	120	120	120	1	659344	120	331466	2631	80	28183	126	24276	1439	337202	2676	80	28243	126	24276	1439	185	27994	33451	232,83	306,6
Recording048	ProVisioNET_pilot_03_03_novice	Female	Novice	Entire Recording	1	fullstream	Board_Screen	0	2	2	1	0	0	0	1	1	1	0	0	0	1	1	1	1	1	1	1	1	1	0	2	0	0	0	0	0	0	0	0	0	0	0	0	1	1	1	1	1	1		30793	17849	793				715899	714054	685899				533572	515716	503572	354938	355086	324938	444834	428288	414834		24206													263969	236114	233969	627012	624753	597012	5117	341	80	879	15	73847	120	Bianca		0				0			7636	1527	120	3318	5	73847	120	7935	1587	280	3318	5	73687	280	6		73967		140,51
Recording048	ProVisioNET_pilot_03_03_novice	Female	Novice	Entire Recording	1	fullstream	Carl(a)	0	2	2	1	0	0	0	1	1	1	0	0	0	1	1	1	1	1	1	1	1	1	0	2	0	0	0	0	0	0	0	0	0	0	0	0	1	1	1	1	1	1		30793	17849	793				715899	714054	685899				533572	515716	503572	354938	355086	324938	444834	428288	414834		24206													263969	236114	233969	627012	624753	597012	16490	532	80	2019	31	69950	80	Bianca		0				0			18109	1646	80	4477	11	69950	1419	18409	1674	140	4477	11	69910	1459	10		212047		533,82
Recording048	ProVisioNET_pilot_03_03_novice	Female	Novice	Entire Recording	1	fullstream	Classroom_Others	0	2	2	1	0	0	0	1	1	1	0	0	0	1	1	1	1	1	1	1	1	1	0	2	0	0	0	0	0	0	0	0	0	0	0	0	1	1	1	1	1	1		30793	17849	793				715899	714054	685899				533572	515716	503572	354938	355086	324938	444834	428288	414834		24206													263969	236114	233969	627012	624753	597012	12852	242	80	1059	53	23616	80	Bianca		0				0			16550	1103	80	3438	15	23616	80	17270	1151	160	3478	15	23536	160	26	520646	27994	380,14	232,83
Recording048	ProVisioNET_pilot_03_03_novice	Female	Novice	Entire Recording	1	fullstream	Disruptive_Person	0	2	2	1	0	0	0	1	1	1	0	0	0	1	1	1	1	1	1	1	1	1	0	2	0	0	0	0	0	0	0	0	0	0	0	0	1	1	1	1	1	1		30793	17849	793				715899	714054	685899				533572	515716	503572	354938	355086	324938	444834	428288	414834		24206													263969	236114	233969	627012	624753	597012	39557	549	80	1959	72	234214	120	Bianca		0				0			44434	1709	140	18049	26	234214	3018	45573	1753	160	18049	26	234054	3178	30	349087	423383	145,07	350,09
Recording048	ProVisioNET_pilot_03_03_novice	Female	Novice	Entire Recording	1	fullstream	Nametag_Anna	0	2	2	1	0	0	0	1	1	1	0	0	0	1	1	1	1	1	1	1	1	1	0	2	0	0	0	0	0	0	0	0	0	0	0	0	1	1	1	1	1	1		30793	17849	793				715899	714054	685899				533572	515716	503572	354938	355086	324938	444834	428288	414834		24206													263969	236114	233969	627012	624753	597012	1059	353	260	420	3	400437	420	Bianca		0				0			1059	353	260	420	3	400437	420	1159	386	300	460	3	400397	460	0		400857		341,65
Recording048	ProVisioNET_pilot_03_03_novice	Female	Novice	Entire Recording	1	fullstream	Nametag_Bianca	0	2	2	1	0	0	0	1	1	1	0	0	0	1	1	1	1	1	1	1	1	1	0	2	0	0	0	0	0	0	0	0	0	0	0	0	1	1	1	1	1	1		30793	17849	793				715899	714054	685899				533572	515716	503572	354938	355086	324938	444834	428288	414834		24206													263969	236114	233969	627012	624753	597012	1319	440	140	740	3	31892	140	Bianca		0				0			1319	440	140	740	3	31892	140	1419	473	180	760	3	31852	180	0	33451	32031	306,6	156,59
Recording048	ProVisioNET_pilot_03_03_novice	Female	Novice	Entire Recording	1	fullstream	Nametag_Carl(a)	0	2	2	1	0	0	0	1	1	1	0	0	0	1	1	1	1	1	1	1	1	1	0	2	0	0	0	0	0	0	0	0	0	0	0	0	1	1	1	1	1	1		30793	17849	793				715899	714054	685899				533572	515716	503572	354938	355086	324938	444834	428288	414834		24206													263969	236114	233969	627012	624753	597012	1279	160	100	260	8	32371	120	Bianca		0				0			1439	240	100	680	6	32371	680	1699	283	120	700	6	32351	700	1	239331	239691	513,11	528,41
Recording048	ProVisioNET_pilot_03_03_novice	Female	Novice	Entire Recording	1	fullstream	students_material	0	2	2	1	0	0	0	1	1	1	0	0	0	1	1	1	1	1	1	1	1	1	0	2	0	0	0	0	0	0	0	0	0	0	0	0	1	1	1	1	1	1		30793	17849	793				715899	714054	685899				533572	515716	503572	354938	355086	324938	444834	428288	414834		24206													263969	236114	233969	627012	624753	597012	160247	589	80	3118	272	87439	100	Bianca		0				0			180514	1583	100	13192	114	87439	340	184772	1621	120	13232	114	87419	360	72	87419	87779	224,44	166,9
Recording048	ProVisioNET_pilot_03_03_novice	Female	Novice	Entire Recording	1	fullstream	teacher_material	0	2	2	1	0	0	0	1	1	1	0	0	0	1	1	1	1	1	1	1	1	1	0	2	0	0	0	0	0	0	0	0	0	0	0	0	1	1	1	1	1	1		30793	17849	793				715899	714054	685899				533572	515716	503572	354938	355086	324938	444834	428288	414834		24206													263969	236114	233969	627012	624753	597012	0				0			Bianca		0				0			0				0			0				0			0				
