Recording	Participant	Gender	Group	TOI	Interval	Media	AOI	Number_of_Events.Logged_live_Event	Number_of_Events.Calibration1_fix_offset	Number_of_Events.Calibration1_offset	Number_of_Events.Calibration1_onset	Number_of_Events.Calibration2_fix_offset	Number_of_Events.Calibration2_offset	Number_of_Events.Calibration2_onset	Number_of_Events.Chatting_fix_offset	Number_of_Events.Chatting_offset	Number_of_Events.Chatting_onset	Number_of_Events.Clicking_fix_offset	Number_of_Events.Clicking_offset	Number_of_Events.Clicking_onset	Number_of_Events.Drawing_fix_offset	Number_of_Events.Drawing_offset	Number_of_Events.Drawing_onset	Number_of_Events.Drumming_fix_offset	Number_of_Events.Drumming_offset	Number_of_Events.Drumming_onset	Number_of_Events.Head_fix_offset	Number_of_Events.Head_offset	Number_of_Events.Head_onset	Number_of_Events.Heckling_fix_offset	Number_of_Events.Heckling_offset	Number_of_Events.Heckling_onset	Number_of_Events.Lesson_end	Number_of_Events.Lesson_start	Number_of_Events.Letter_search_fix_offset	Number_of_Events.Letter_search_offset	Number_of_Events.Letter_search_onset	Number_of_Events.Phone_fix_offset	Number_of_Events.Phone_offset	Number_of_Events.Phone_onset	Number_of_Events.Reaction_chatting	Number_of_Events.Reaction_clicking	Number_of_Events.Reaction_drawing	Number_of_Events.Reaction_drumming	Number_of_Events.Reaction_head	Number_of_Events.Reaction_heckling	Number_of_Events.Reaction_phone	Number_of_Events.Reaction_snipping	Number_of_Events.Reaction_whispering	Number_of_Events.Snipping_fix_offset	Number_of_Events.Snipping_offset	Number_of_Events.Snipping_onset	Number_of_Events.Whispering_fix_offset	Number_of_Events.Whispering_offset	Number_of_Events.Whispering_onset	Time_to_first_Event.Logged_live_Event	Time_to_first_Event.Calibration1_fix_offset	Time_to_first_Event.Calibration1_offset	Time_to_first_Event.Calibration1_onset	Time_to_first_Event.Calibration2_fix_offset	Time_to_first_Event.Calibration2_offset	Time_to_first_Event.Calibration2_onset	Time_to_first_Event.Chatting_fix_offset	Time_to_first_Event.Chatting_offset	Time_to_first_Event.Chatting_onset	Time_to_first_Event.Clicking_fix_offset	Time_to_first_Event.Clicking_offset	Time_to_first_Event.Clicking_onset	Time_to_first_Event.Drawing_fix_offset	Time_to_first_Event.Drawing_offset	Time_to_first_Event.Drawing_onset	Time_to_first_Event.Drumming_fix_offset	Time_to_first_Event.Drumming_offset	Time_to_first_Event.Drumming_onset	Time_to_first_Event.Head_fix_offset	Time_to_first_Event.Head_offset	Time_to_first_Event.Head_onset	Time_to_first_Event.Heckling_fix_offset	Time_to_first_Event.Heckling_offset	Time_to_first_Event.Heckling_onset	Time_to_first_Event.Lesson_end	Time_to_first_Event.Lesson_start	Time_to_first_Event.Letter_search_fix_offset	Time_to_first_Event.Letter_search_offset	Time_to_first_Event.Letter_search_onset	Time_to_first_Event.Phone_fix_offset	Time_to_first_Event.Phone_offset	Time_to_first_Event.Phone_onset	Time_to_first_Event.Reaction_chatting	Time_to_first_Event.Reaction_clicking	Time_to_first_Event.Reaction_drawing	Time_to_first_Event.Reaction_drumming	Time_to_first_Event.Reaction_head	Time_to_first_Event.Reaction_heckling	Time_to_first_Event.Reaction_phone	Time_to_first_Event.Reaction_snipping	Time_to_first_Event.Reaction_whispering	Time_to_first_Event.Snipping_fix_offset	Time_to_first_Event.Snipping_offset	Time_to_first_Event.Snipping_onset	Time_to_first_Event.Whispering_fix_offset	Time_to_first_Event.Whispering_offset	Time_to_first_Event.Whispering_onset	Total_duration_of_fixations	Average_duration_of_fixations	Minimum_duration_of_fixations	Maximum_duration_of_fixations	Number_of_fixations	Time_to_first_fixation	Duration_of_first_fixation	Last_AOI_viewed	AOI_at_interval_end	Total_duration_of_whole_fixations	Average_duration_of_whole_fixations	Minimum_duration_of_whole_fixations	Maximum_duration_of_whole_fixations	Number_of_whole_fixations	Time_to_first_whole_fixation	Duration_of_first_whole_fixation	Total_duration_of_Visit	Average_duration_of_Visit	Minimum_duration_of_Visit	Maximum_duration_of_Visit	Number_of_Visits	Time_to_first_Visit	Duration_of_first_Visit	Total_duration_of_Glances	Average_duration_of_Glances	Minimum_duration_of_Glances	Maximum_duration_of_Glances	Number_of_Glances	Time_to_first_Glance	Duration_of_first_Glance	Number_of_saccades_in_AOI	Time_to_entry_saccade	Time_to_exit_saccade	Peak_velocity_of_entry_saccade	Peak_velocity_of_exit_saccade
Recording053	ProVisioNET_study_102_02	Male	Novice	Calibration_phase1_fix	1	fullstream	Anna	0	0	1	1	0	0	0	0	0	0	0	0	0	0	0	0	0	0	0	0	0	0	0	0	0	0	1	0	0	0	0	0	0	0	0	0	0	0	0	0	0	0	0	0	0	0	0	0			14154	0																							17570																						3018	1006	200	1779	3	20438	1779	Bianca	Bianca	0				0			3018	1006	200	1779	3	20438	1779	3058	1019	200	1779	3	20438	1779	0				
Recording053	ProVisioNET_study_102_02	Male	Novice	Calibration_phase1_fix	1	fullstream	Bianca	0	0	1	1	0	0	0	0	0	0	0	0	0	0	0	0	0	0	0	0	0	0	0	0	0	0	1	0	0	0	0	0	0	0	0	0	0	0	0	0	0	0	0	0	0	0	0	0			14154	0																							17570																						598	299	260	338	2	19998	260	Bianca	Bianca	0				0			598	299	260	338	2	19998	260	618	309	280	338	2	19978	280	0				
Recording053	ProVisioNET_study_102_02	Male	Novice	Calibration_phase1_fix	1	fullstream	Carl(a)	0	0	1	1	0	0	0	0	0	0	0	0	0	0	0	0	0	0	0	0	0	0	0	0	0	0	1	0	0	0	0	0	0	0	0	0	0	0	0	0	0	0	0	0	0	0	0	0			14154	0																							17570																						100	100	100	100	1	18179	100	Bianca	Bianca	0				0			100	100	100	100	1	18179	100	100	100	100	100	1	18179	100	0				
Recording053	ProVisioNET_study_102_02	Male	Novice	Calibration_phase1_fix	1	fullstream	Classroom_Others	0	0	1	1	0	0	0	0	0	0	0	0	0	0	0	0	0	0	0	0	0	0	0	0	0	0	1	0	0	0	0	0	0	0	0	0	0	0	0	0	0	0	0	0	0	0	0	0			14154	0																							17570																						999	250	80	640	4	17780	80	Bianca	Bianca	0				0			999	250	80	640	4	17780	80	1199	300	120	680	4	17740	120	0	24975	25655	425.91	351.61
Recording053	ProVisioNET_study_102_02	Male	Novice	Calibration_phase1_fix	1	fullstream	Material_Teacher	0	0	1	1	0	0	0	0	0	0	0	0	0	0	0	0	0	0	0	0	0	0	0	0	0	0	1	0	0	0	0	0	0	0	0	0	0	0	0	0	0	0	0	0	0	0	0	0			14154	0																							17570																						2019	288	80	740	7	18939	740	Bianca	Bianca	0				0			2119	530	260	740	4	18939	740	2219	555	260	760	4	18919	760	2	25655	24975	351.61	425.91
Recording053	ProVisioNET_study_102_02	Male	Novice	Chatting_with_neighbour	1	fullstream	Disruptive_Person	0	0	0	0	0	0	0	0	0	1	0	0	0	0	0	0	0	0	0	0	0	0	0	0	0	0	0	0	0	0	0	0	0	1	0	0	0	0	0	0	0	0	0	0	0	0	0	0										0																								8720															2558	640	80	1119	4	518	1099	Disruptive_Person		0				0			2698	1349	80	2618	2	518	2618	2738	1369	100	2638	2	498	2638	1				
Recording053	ProVisioNET_study_102_02	Male	Novice	Chatting_with_neighbour_fix	1	fullstream	Disruptive_Person	0	0	0	0	0	0	0	0	1	1	0	0	0	0	0	0	0	0	0	0	0	0	0	0	0	0	0	0	0	0	0	0	0	1	0	0	0	0	0	0	0	0	0	0	0	0	0	0									9608	0																								8720															2558	640	80	1119	4	518	1099	Disruptive_Person		0				0			2698	1349	80	2618	2	518	2618	2738	1369	100	2638	2	498	2638	1				
Recording053	ProVisioNET_study_102_02	Male	Novice	Clicking_pen	1	fullstream	Disruptive_Person	0	0	0	0	0	0	0	0	0	0	0	0	1	0	0	0	0	0	0	0	0	0	0	0	0	0	0	0	0	0	0	0	0	0	1	0	0	0	0	0	0	0	0	0	0	0	0	0													0																						14615														773	386	233	540	2	10354	540	Disruptive_Person	Disruptive_Person	0				0			773	386	233	540	2	10354	540	813	406	233	580	2	10314	580	0				
Recording053	ProVisioNET_study_102_02	Male	Novice	Clicking_pen_fix	1	fullstream	Disruptive_Person	0	0	0	0	0	0	0	0	0	0	0	1	1	0	0	0	0	0	0	0	0	0	0	0	0	0	0	0	0	0	0	0	0	0	1	0	0	0	0	0	0	0	0	0	0	0	0	0												15484	0																						14615														780	390	240	540	2	10354	540	Disruptive_Person		0				0			780	390	240	540	2	10354	540	820	410	240	580	2	10314	580	0				
Recording053	ProVisioNET_study_102_02	Male	Novice	Drawing	1	fullstream	Disruptive_Person	0	0	0	0	0	0	0	0	0	0	0	0	0	0	0	1	0	0	0	0	0	0	0	0	0	0	0	0	0	0	0	0	0	0	0	1	0	0	0	0	0	0	0	0	0	0	0	0																0																				18996													460	460	460	460	1	20602	460	Disruptive_Person		0				0			460	460	460	460	1	20602	460	500	500	500	500	1	20562	500	0		21062		416.32
Recording053	ProVisioNET_study_102_02	Male	Novice	Drawing_fix	1	fullstream	Disruptive_Person	0	0	0	0	0	0	0	0	0	0	0	0	0	0	1	1	0	0	0	0	0	0	0	0	0	0	0	0	0	0	0	0	0	0	0	1	0	0	0	0	0	0	0	0	0	0	0	0															22136	0																				18996													460	460	460	460	1	20602	460	Disruptive_Person		0				0			460	460	460	460	1	20602	460	500	500	500	500	1	20562	500	0		21062		416.32
Recording053	ProVisioNET_study_102_02	Male	Novice	Drumming_with_hands	1	fullstream	Disruptive_Person	0	0	0	0	0	0	0	0	0	0	0	0	0	0	0	0	0	0	1	0	0	0	0	0	0	0	0	0	0	0	0	0	0	0	0	0	1	0	0	0	0	0	0	0	0	0	0	0																			0																		22447												1149	230	80	580	5	0	270	Disruptive_Person		0				0			1829	914	390	1439	2	0	390	1869	934	390	1479	2	0	390	1				
Recording053	ProVisioNET_study_102_02	Male	Novice	Drumming_with_hands_fix	1	fullstream	Disruptive_Person	0	0	0	0	0	0	0	0	0	0	0	0	0	0	0	0	0	1	1	0	0	0	0	0	0	0	0	0	0	0	0	0	0	0	0	0	1	0	0	0	0	0	0	0	0	0	0	0																		22931	0																		22447												1149	230	80	580	5	0	270	Disruptive_Person		0				0			1829	914	390	1439	2	0	390	1869	934	390	1479	2	0	390	1				
Recording053	ProVisioNET_study_102_02	Male	Novice	Head_on_table	1	fullstream	Disruptive_Person	0	0	0	0	0	0	0	0	0	0	0	0	0	0	0	0	0	0	0	0	0	1	0	0	0	0	0	0	0	0	0	0	0	0	0	0	0	1	0	0	0	0	0	0	0	0	0	0																						0																15308											2339	334	120	720	7	13172	720	Disruptive_Person		0				0			2439	813	280	1439	3	13172	720	2578	859	320	1499	3	13132	760	1	13132		293.46	
Recording053	ProVisioNET_study_102_02	Male	Novice	Head_on_table_fix	1	fullstream	Disruptive_Person	0	0	0	0	0	0	0	0	0	0	0	0	0	0	0	0	0	0	0	0	1	1	0	0	0	0	0	0	0	0	0	0	0	0	0	0	0	1	0	0	0	0	0	0	0	0	0	0																					18691	0																15308											2339	334	120	720	7	13172	720	Disruptive_Person		0				0			2439	813	280	1439	3	13172	720	2578	859	320	1499	3	13132	760	1	13132		293.46	
Recording053	ProVisioNET_study_102_02	Male	Novice	Heckling	1	fullstream	Disruptive_Person	0	0	0	0	0	0	0	0	0	0	0	0	0	0	0	0	0	0	0	0	0	0	0	0	1	0	0	0	0	0	0	0	0	0	0	0	0	0	1	0	0	0	0	0	0	0	0	0																									0														3677										300	150	120	180	2	576	180	Disruptive_Person		0				0			959	959	959	959	1	576	959	959	959	959	959	1	576	959	0				
Recording053	ProVisioNET_study_102_02	Male	Novice	Heckling_fix	1	fullstream	Disruptive_Person	0	0	0	0	0	0	0	0	0	0	0	0	0	0	0	0	0	0	0	0	0	0	0	1	1	0	0	0	0	0	0	0	0	0	0	0	0	0	1	0	0	0	0	0	0	0	0	0																								3756	0														3677										300	150	120	180	2	576	180	Disruptive_Person		0				0			959	959	959	959	1	576	959	959	959	959	959	1	576	959	0				
Recording053	ProVisioNET_study_102_02	Male	Novice	Lesson	1	fullstream	Anna	0	1	0	0	0	0	0	1	1	1	1	1	1	1	1	1	1	1	1	1	1	1	1	1	1	0	1	0	0	0	1	1	1	1	1	1	1	1	1	0	1	1	1	1	1	1	1	1		11861						917175	897152	887544	828861	814659	799175	557563	549699	527563	646861	640225	617294	467499	456262	437571	197621	170711	166955		0				738262	738262	708410	896264	813790	546559	639741	452880	170633		257470	357393	287018	259378	257018	377278	358541	347665	6116	765	140	1779	8	2868	1779	Disruptive_Person		0				0			6776	1355	200	2119	5	2868	1779	6916	1383	200	2159	5	2868	1779	1	12503	14661	335.7	433.58
Recording053	ProVisioNET_study_102_02	Male	Novice	Lesson	1	fullstream	Bianca	0	1	0	0	0	0	0	1	1	1	1	1	1	1	1	1	1	1	1	1	1	1	1	1	1	0	1	0	0	0	1	1	1	1	1	1	1	1	1	0	1	1	1	1	1	1	1	1		11861						917175	897152	887544	828861	814659	799175	557563	549699	527563	646861	640225	617294	467499	456262	437571	197621	170711	166955		0				738262	738262	708410	896264	813790	546559	639741	452880	170633		257470	357393	287018	259378	257018	377278	358541	347665	1379	460	140	979	3	2429	260	Disruptive_Person		0				0			1379	460	140	979	3	2429	260	1459	486	200	979	3	2409	280	0	14661	12503	433.58	335.7
Recording053	ProVisioNET_study_102_02	Male	Novice	Lesson	1	fullstream	Carl(a)	0	1	0	0	0	0	0	1	1	1	1	1	1	1	1	1	1	1	1	1	1	1	1	1	1	0	1	0	0	0	1	1	1	1	1	1	1	1	1	0	1	1	1	1	1	1	1	1		11861						917175	897152	887544	828861	814659	799175	557563	549699	527563	646861	640225	617294	467499	456262	437571	197621	170711	166955		0				738262	738262	708410	896264	813790	546559	639741	452880	170633		257470	357393	287018	259378	257018	377278	358541	347665	100	100	100	100	1	610	100	Disruptive_Person		0				0			100	100	100	100	1	610	100	100	100	100	100	1	610	100	0				
Recording053	ProVisioNET_study_102_02	Male	Novice	Lesson	1	fullstream	Classroom_Others	0	1	0	0	0	0	0	1	1	1	1	1	1	1	1	1	1	1	1	1	1	1	1	1	1	0	1	0	0	0	1	1	1	1	1	1	1	1	1	0	1	1	1	1	1	1	1	1		11861						917175	897152	887544	828861	814659	799175	557563	549699	527563	646861	640225	617294	467499	456262	437571	197621	170711	166955		0				738262	738262	708410	896264	813790	546559	639741	452880	170633		257470	357393	287018	259378	257018	377278	358541	347665	999	250	80	640	4	210	80	Disruptive_Person		0				0			999	250	80	640	4	210	80	1199	300	120	680	4	170	120	0	7406	8085	425.91	351.61
Recording053	ProVisioNET_study_102_02	Male	Novice	Lesson	1	fullstream	Disruptive_Person	0	1	0	0	0	0	0	1	1	1	1	1	1	1	1	1	1	1	1	1	1	1	1	1	1	0	1	0	0	0	1	1	1	1	1	1	1	1	1	0	1	1	1	1	1	1	1	1		11861						917175	897152	887544	828861	814659	799175	557563	549699	527563	646861	640225	617294	467499	456262	437571	197621	170711	166955		0				738262	738262	708410	896264	813790	546559	639741	452880	170633		257470	357393	287018	259378	257018	377278	358541	347665	16950	404	80	1319	42	167531	180	Disruptive_Person		0				0			20927	997	80	4058	21	167531	959	21627	1030	100	4138	21	167531	959	5	354061	352801	167.39	373.98
Recording053	ProVisioNET_study_102_02	Male	Novice	Lesson	1	fullstream	Material_Teacher	0	1	0	0	0	0	0	1	1	1	1	1	1	1	1	1	1	1	1	1	1	1	1	1	1	0	1	0	0	0	1	1	1	1	1	1	1	1	1	0	1	1	1	1	1	1	1	1		11861						917175	897152	887544	828861	814659	799175	557563	549699	527563	646861	640225	617294	467499	456262	437571	197621	170711	166955		0				738262	738262	708410	896264	813790	546559	639741	452880	170633		257470	357393	287018	259378	257018	377278	358541	347665	3858	321	80	1219	12	1369	740	Disruptive_Person		0				0			4178	836	260	2059	5	1369	740	4317	863	260	2099	5	1349	760	5	8085	7406	351.61	425.91
Recording053	ProVisioNET_study_102_02	Male	Novice	Looking_at_phone	1	fullstream	Disruptive_Person	0	0	0	0	0	0	0	0	0	0	0	0	0	0	0	0	0	0	0	0	0	0	0	0	0	0	0	0	0	0	0	0	1	0	0	0	0	0	0	0	0	0	0	0	0	0	0	0																																	0																1399	280	140	500	5	18009	140	Disruptive_Person		0				0			1399	280	140	500	5	18009	140	1639	328	180	520	5	17949	200	0	17949	26504	477.03	417.61
Recording053	ProVisioNET_study_102_02	Male	Novice	Looking_at_phone_fix	1	fullstream	Disruptive_Person	0	0	0	0	0	0	0	0	0	0	0	0	0	0	0	0	0	0	0	0	0	0	0	0	0	0	0	0	0	0	0	0	1	0	0	0	0	0	0	0	0	0	0	0	0	0	0	0																																	0																1399	280	140	500	5	18009	140	Disruptive_Person		0				0			1399	280	140	500	5	18009	140	1639	328	180	520	5	17949	200	0	17949	26504	477.03	417.61
Recording053	ProVisioNET_study_102_02	Male	Novice	Snipping_with_fingers	1	fullstream	Disruptive_Person	0	0	0	0	0	0	0	0	0	0	0	0	0	0	0	0	0	0	0	0	0	0	0	0	0	0	0	0	0	0	0	0	0	0	0	0	0	0	0	0	1	0	0	0	1	0	0	0																																									452				0				1779	593	120	1319	3	0	340	Disruptive_Person		0				0			1859	929	340	1519	2	0	340	1859	929	340	1519	2	0	340	0				
Recording053	ProVisioNET_study_102_02	Male	Novice	Snpping_with_fingers_fix	1	fullstream	Disruptive_Person	0	0	0	0	0	0	0	0	0	0	0	0	0	0	0	0	0	0	0	0	0	0	0	0	0	0	0	0	0	0	0	0	0	0	0	0	0	0	0	0	1	0	0	1	1	0	0	0																																									452			2360	0				1779	593	120	1319	3	0	340	Disruptive_Person		0				0			1859	929	340	1519	2	0	340	1859	929	340	1519	2	0	340	0				
Recording053	ProVisioNET_study_102_02	Male	Novice	Whispering	1	fullstream	Disruptive_Person	0	0	0	0	0	0	0	0	0	0	0	0	0	0	0	0	0	0	0	0	0	0	0	0	0	0	0	0	0	0	0	0	0	0	0	0	0	0	0	0	0	1	0	0	0	0	0	1																																										9728						0	5577	429	80	1079	13	1079	240	Disruptive_Person		0				0			7895	2632	660	4058	3	1079	4058	7995	2665	680	4138	3	999	4138	2	6396	5137	167.39	373.98
Recording053	ProVisioNET_study_102_02	Male	Novice	Whispering_fix	1	fullstream	Disruptive_Person	0	0	0	0	0	0	0	0	0	0	0	0	0	0	0	0	0	0	0	0	0	0	0	0	0	0	0	0	0	0	0	0	0	0	0	0	0	0	0	0	0	1	0	0	0	0	1	1																																										9728					10876	0	5577	429	80	1079	13	1079	240	Disruptive_Person		0				0			7895	2632	660	4058	3	1079	4058	7995	2665	680	4138	3	999	4138	2	6396	5137	167.39	373.98
Recording053	ProVisioNET_study_102_02	Male	Novice	snapshot_classroom_others	1	snapshot_classroom_others	Classroom_Others	0	0	0	0	0	0	0	0	0	0	0	0	0	0	0	0	0	0	0	0	0	0	0	0	0	0	0	0	0	0	0	0	0	0	0	0	0	0	0	0	0	0	0	0	0	0	0	0																																																	260	130	80	180	2	0	80	Classroom_Others	Classroom_Others	0				0			740	740	740	740	1	0	740	740	740	740	740	1	0	740	0				
Recording053	ProVisioNET_study_102_02	Male	Novice	snapshot_classroom_others	2	snapshot_classroom_others	Classroom_Others	0	0	0	0	0	0	0	0	0	0	0	0	0	0	0	0	0	0	0	0	0	0	0	0	0	0	0	0	0	0	0	0	0	0	0	0	0	0	0	0	0	0	0	0	0	0	0	0																																																	740	370	100	640	2	0	100	Classroom_Others	Classroom_Others	0				0			1979	1979	1979	1979	1	0	1979	1979	1979	1979	1979	1	0	1979	1				
Recording053	ProVisioNET_study_102_02	Male	Novice	snapshot_disruptive_person	1	snapshot_disruptive_person	Disruptive_Person	0	0	0	0	0	0	0	0	0	0	0	0	0	0	0	0	0	0	0	0	0	0	0	0	0	0	0	0	0	0	0	0	0	0	0	0	0	0	0	0	0	0	0	0	0	0	0	0																																																	300	150	120	180	2	0	180	Disruptive_Person	Disruptive_Person	0				0			959	959	959	959	1	0	959	959	959	959	959	1	0	959	0				
Recording053	ProVisioNET_study_102_02	Male	Novice	snapshot_disruptive_person	2	snapshot_disruptive_person	Disruptive_Person	0	0	0	0	0	0	0	0	0	0	0	0	0	0	0	0	0	0	0	0	0	0	0	0	0	0	0	0	0	0	0	0	0	0	0	0	0	0	0	0	1	0	0	0	1	0	0	0																																									792				340				2119	706	120	1319	3	0	680	Disruptive_Person	Disruptive_Person	0				0			2658	2658	2658	2658	1	0	2658	2658	2658	2658	2658	1	0	2658	0				
Recording053	ProVisioNET_study_102_02	Male	Novice	snapshot_disruptive_person	3	snapshot_disruptive_person	Disruptive_Person	0	0	0	0	0	0	0	0	0	0	0	0	0	0	0	0	0	0	0	0	0	0	0	0	0	0	0	0	0	0	0	0	0	0	0	0	0	0	0	0	0	1	0	0	0	0	0	0																																										8649							5577	429	80	1079	13	0	240	Disruptive_Person	Disruptive_Person	0				0			9574	9574	9574	9574	1	0	9574	9574	9574	9574	9574	1	0	9574	5				
Recording053	ProVisioNET_study_102_02	Male	Novice	snapshot_disruptive_person	4	snapshot_disruptive_person	Disruptive_Person	0	0	0	0	0	0	0	0	0	0	0	0	0	0	0	0	0	0	0	0	0	0	0	0	0	0	0	0	0	0	0	0	0	0	0	0	0	1	0	0	0	0	0	0	0	0	0	0																																						2136											2339	334	120	720	7	0	720	Disruptive_Person	Disruptive_Person	0				0			5017	5017	5017	5017	1	0	5017	5017	5017	5017	5017	1	0	5017	4				
Recording053	ProVisioNET_study_102_02	Male	Novice	snapshot_disruptive_person	5	snapshot_disruptive_person	Disruptive_Person	0	0	0	0	0	0	0	0	0	0	0	0	0	0	0	0	0	0	0	0	0	0	0	0	0	0	0	0	0	0	0	0	0	0	0	0	0	0	0	0	0	0	0	0	0	0	0	0																																																	460	460	460	460	1	0	460	Disruptive_Person	Disruptive_Person	0				0			460	460	460	460	1	0	460	460	460	460	460	1	0	460	0				
Recording053	ProVisioNET_study_102_02	Male	Novice	snapshot_disruptive_person	6	snapshot_disruptive_person	Disruptive_Person	0	0	0	0	0	0	0	0	0	0	0	0	0	0	0	0	0	0	1	0	0	0	0	0	0	0	0	0	0	0	0	0	0	0	0	0	0	0	0	0	0	0	0	0	0	0	0	0																			270																														640	320	100	540	2	0	540	Disruptive_Person	Disruptive_Person	0				0			660	660	660	660	1	0	660	660	660	660	660	1	0	660	1				
Recording053	ProVisioNET_study_102_02	Male	Novice	snapshot_disruptive_person	7	snapshot_disruptive_person	Disruptive_Person	0	0	0	0	0	0	0	0	0	0	0	0	0	0	0	0	0	0	0	0	0	0	0	0	0	0	0	0	0	0	0	0	0	0	0	0	0	0	0	0	0	0	0	0	0	0	0	0																																																	780	260	80	580	3	0	80	Disruptive_Person	Disruptive_Person	0				0			1439	1439	1439	1439	1	0	1439	1439	1439	1439	1439	1	0	1439	0				
Recording053	ProVisioNET_study_102_02	Male	Novice	snapshot_disruptive_person	8	snapshot_disruptive_person	Disruptive_Person	0	0	0	0	0	0	0	0	0	0	0	0	0	0	0	0	0	0	0	0	0	0	0	0	0	0	0	0	0	0	0	0	0	0	0	0	0	0	0	0	0	0	0	0	0	0	0	0																																																	1399	280	140	500	5	0	140	Disruptive_Person	Disruptive_Person	0				0			8495	8495	8495	8495	1	0	8495	8495	8495	8495	8495	1	0	8495	2				
Recording053	ProVisioNET_study_102_02	Male	Novice	snapshot_disruptive_person	9	snapshot_disruptive_person	Disruptive_Person	0	0	0	0	0	0	0	0	0	0	0	1	0	0	0	0	0	0	0	0	0	0	0	0	0	0	0	0	0	0	0	0	0	0	1	0	0	0	0	0	0	0	0	0	0	0	0	0												5130																							4261														780	390	240	540	2	0	540	Disruptive_Person	Disruptive_Person	0				0			5137	5137	5137	5137	1	0	5137	5137	5137	5137	5137	1	0	5137	0				
Recording053	ProVisioNET_study_102_02	Male	Novice	snapshot_disruptive_person	10	snapshot_disruptive_person	Disruptive_Person	0	0	0	0	0	0	0	0	0	0	0	0	0	0	0	0	0	0	0	0	0	0	0	0	0	0	0	0	0	0	0	0	0	0	0	0	0	0	0	0	0	0	0	0	0	0	0	0																																																	2558	640	80	1119	4	0	1099	Disruptive_Person		0				0			4997	4997	4997	4997	1	0	4997	4997	4997	4997	4997	1	0	4997	1				
Recording053	ProVisioNET_study_102_02	Male	Novice	snapshot_material_teacher	1	snapshot_material_teacher	Material_Teacher	0	0	0	0	0	0	0	0	0	0	0	0	0	0	0	0	0	0	0	0	0	0	0	0	0	0	0	0	0	0	0	0	0	0	0	0	0	0	0	0	0	0	0	0	0	0	0	0																																																	740	740	740	740	1	0	740	Material_Teacher	Material_Teacher	0				0			740	740	740	740	1	0	740	740	740	740	740	1	0	740	0				
Recording053	ProVisioNET_study_102_02	Male	Novice	snapshot_material_teacher	2	snapshot_material_teacher	Material_Teacher	0	0	0	0	0	0	0	0	0	0	0	0	0	0	0	0	0	0	0	0	0	0	0	0	0	0	0	0	0	0	0	0	0	0	0	0	0	0	0	0	0	0	0	0	0	0	0	0																																																	1279	213	80	400	6	0	260	Material_Teacher	Material_Teacher	0				0			3878	3878	3878	3878	1	0	3878	3878	3878	3878	3878	1	0	3878	4				
Recording053	ProVisioNET_study_102_02	Male	Novice	snapshot_material_teacher	3	snapshot_material_teacher	Material_Teacher	0	0	0	0	0	0	0	0	0	0	0	0	0	0	0	0	0	0	0	0	0	0	0	0	0	0	0	0	0	0	0	0	0	0	0	0	0	0	0	0	0	0	0	0	0	0	0	0																																																	1839	368	100	1219	5	0	100	Material_Teacher		0				0			2059	2059	2059	2059	1	0	2059	2059	2059	2059	2059	1	0	2059	3				
Recording053	ProVisioNET_study_102_02	Male	Novice	snapshot_students	1	snapshot_students	Anna	0	1	0	0	0	0	0	0	0	0	0	0	0	0	0	0	0	0	0	0	0	0	0	0	0	0	0	0	0	0	0	0	0	0	0	0	0	0	0	0	0	0	0	0	0	0	0	0		11252																																															6116	765	140	1779	8	2259	1779	Anna	Anna	0				0			12373	4124	1639	8615	3	2259	8615	12373	4124	1639	8615	3	2259	8615	5	11893	14052	335.7	433.58
Recording053	ProVisioNET_study_102_02	Male	Novice	snapshot_students	1	snapshot_students	Bianca	0	1	0	0	0	0	0	0	0	0	0	0	0	0	0	0	0	0	0	0	0	0	0	0	0	0	0	0	0	0	0	0	0	0	0	0	0	0	0	0	0	0	0	0	0	0	0	0		11252																																															1379	460	140	979	3	1819	260	Anna	Anna	0				0			1379	460	140	979	3	1819	260	1379	460	140	979	3	1819	260	0	14052	11893	433.58	335.7
Recording053	ProVisioNET_study_102_02	Male	Novice	snapshot_students	1	snapshot_students	Carl(a)	0	1	0	0	0	0	0	0	0	0	0	0	0	0	0	0	0	0	0	0	0	0	0	0	0	0	0	0	0	0	0	0	0	0	0	0	0	0	0	0	0	0	0	0	0	0	0	0		11252																																															100	100	100	100	1	0	100	Anna	Anna	0				0			100	100	100	100	1	0	100	100	100	100	100	1	0	100	0				
Recording053	ProVisioNET_study_102_02	Male	Novice	Entire Recording	1	fullstream	Anna	0	1	1	1	1	1	1	1	1	1	1	1	1	1	1	1	1	1	1	1	1	1	1	1	1	1	1	0	1	1	1	1	1	1	1	1	1	1	1	0	1	1	1	1	1	1	1	1		494000	478723	464569	1619008	1603858	1589608	1399314	1379291	1369683	1311000	1296797	1281314	1039702	1031838	1009702	1129000	1122363	1099433	949638	938401	919710	679760	652850	649094	1549073	482139		1665794	1662888	1220400	1220400	1190548	1378403	1295928	1028698	1121880	935018	652771		739609	839531	769157	741517	739157	859417	840680	829803	6116	765	140	1779	8	485007	1779	Disruptive_Person		0				0			6776	1355	200	2119	5	485007	1779	6916	1383	200	2159	5	485007	1779	1	494641	496800	335.7	433.58
Recording053	ProVisioNET_study_102_02	Male	Novice	Entire Recording	1	fullstream	Bianca	0	1	1	1	1	1	1	1	1	1	1	1	1	1	1	1	1	1	1	1	1	1	1	1	1	1	1	0	1	1	1	1	1	1	1	1	1	1	1	0	1	1	1	1	1	1	1	1		494000	478723	464569	1619008	1603858	1589608	1399314	1379291	1369683	1311000	1296797	1281314	1039702	1031838	1009702	1129000	1122363	1099433	949638	938401	919710	679760	652850	649094	1549073	482139		1665794	1662888	1220400	1220400	1190548	1378403	1295928	1028698	1121880	935018	652771		739609	839531	769157	741517	739157	859417	840680	829803	1379	460	140	979	3	484567	260	Disruptive_Person		0				0			1379	460	140	979	3	484567	260	1459	486	200	979	3	484547	280	0	496800	494641	433.58	335.7
Recording053	ProVisioNET_study_102_02	Male	Novice	Entire Recording	1	fullstream	Carl(a)	0	1	1	1	1	1	1	1	1	1	1	1	1	1	1	1	1	1	1	1	1	1	1	1	1	1	1	0	1	1	1	1	1	1	1	1	1	1	1	0	1	1	1	1	1	1	1	1		494000	478723	464569	1619008	1603858	1589608	1399314	1379291	1369683	1311000	1296797	1281314	1039702	1031838	1009702	1129000	1122363	1099433	949638	938401	919710	679760	652850	649094	1549073	482139		1665794	1662888	1220400	1220400	1190548	1378403	1295928	1028698	1121880	935018	652771		739609	839531	769157	741517	739157	859417	840680	829803	100	100	100	100	1	482748	100	Disruptive_Person		0				0			100	100	100	100	1	482748	100	100	100	100	100	1	482748	100	0				
Recording053	ProVisioNET_study_102_02	Male	Novice	Entire Recording	1	fullstream	Classroom_Others	0	1	1	1	1	1	1	1	1	1	1	1	1	1	1	1	1	1	1	1	1	1	1	1	1	1	1	0	1	1	1	1	1	1	1	1	1	1	1	0	1	1	1	1	1	1	1	1		494000	478723	464569	1619008	1603858	1589608	1399314	1379291	1369683	1311000	1296797	1281314	1039702	1031838	1009702	1129000	1122363	1099433	949638	938401	919710	679760	652850	649094	1549073	482139		1665794	1662888	1220400	1220400	1190548	1378403	1295928	1028698	1121880	935018	652771		739609	839531	769157	741517	739157	859417	840680	829803	999	250	80	640	4	482348	80	Disruptive_Person		0				0			999	250	80	640	4	482348	80	1199	300	120	680	4	482308	120	0	489544	490224	425.91	351.61
Recording053	ProVisioNET_study_102_02	Male	Novice	Entire Recording	1	fullstream	Disruptive_Person	0	1	1	1	1	1	1	1	1	1	1	1	1	1	1	1	1	1	1	1	1	1	1	1	1	1	1	0	1	1	1	1	1	1	1	1	1	1	1	0	1	1	1	1	1	1	1	1		494000	478723	464569	1619008	1603858	1589608	1399314	1379291	1369683	1311000	1296797	1281314	1039702	1031838	1009702	1129000	1122363	1099433	949638	938401	919710	679760	652850	649094	1549073	482139		1665794	1662888	1220400	1220400	1190548	1378403	1295928	1028698	1121880	935018	652771		739609	839531	769157	741517	739157	859417	840680	829803	16950	404	80	1319	42	649670	180	Disruptive_Person		0				0			20927	997	80	4058	21	649670	959	21627	1030	100	4138	21	649670	959	5	836199	834940	167.39	373.98
Recording053	ProVisioNET_study_102_02	Male	Novice	Entire Recording	1	fullstream	Material_Teacher	0	1	1	1	1	1	1	1	1	1	1	1	1	1	1	1	1	1	1	1	1	1	1	1	1	1	1	0	1	1	1	1	1	1	1	1	1	1	1	0	1	1	1	1	1	1	1	1		494000	478723	464569	1619008	1603858	1589608	1399314	1379291	1369683	1311000	1296797	1281314	1039702	1031838	1009702	1129000	1122363	1099433	949638	938401	919710	679760	652850	649094	1549073	482139		1665794	1662888	1220400	1220400	1190548	1378403	1295928	1028698	1121880	935018	652771		739609	839531	769157	741517	739157	859417	840680	829803	3858	321	80	1219	12	483508	740	Disruptive_Person		0				0			4178	836	260	2059	5	483508	740	4317	863	260	2099	5	483488	760	5	490224	489544	351.61	425.91
Recording054	ProVisioNET_study_103_03	Female	Novice	Chatting_with_neighbour	1	fullstream	Disruptive_Person	0	0	0	0	0	0	0	0	0	1	0	0	0	0	0	0	0	0	0	0	0	0	0	0	0	0	0	0	0	0	0	0	0	1	0	0	0	0	0	0	0	0	0	0	0	0	0	0										0																								1738															586	147	87	280	4	818	120	Disruptive_Person	Disruptive_Person	0				0			666	333	120	546	2	818	120	866	433	200	666	2	738	200	0		938		324.17
Recording054	ProVisioNET_study_103_03	Female	Novice	Chatting_with_neighbour_fix	1	fullstream	Disruptive_Person	0	0	0	0	0	0	0	0	1	1	0	0	0	0	0	0	0	0	0	0	0	0	0	0	0	0	0	0	0	0	0	0	0	1	0	0	0	0	0	0	0	0	0	0	0	0	0	0									2524	0																								1738															600	150	100	280	4	818	120	Disruptive_Person		0				0			680	340	120	560	2	818	120	879	440	200	680	2	738	200	0		938		324.17
Recording054	ProVisioNET_study_103_03	Female	Novice	Clicking_pen	1	fullstream	Disruptive_Person	0	0	0	0	0	0	0	0	0	0	0	0	1	0	0	0	0	0	0	0	0	0	0	0	0	0	0	0	0	0	0	0	0	0	0	0	0	0	0	0	0	0	0	0	0	0	0	0													0																																				589	295	240	349	2	12692	240	Disruptive_Person	Disruptive_Person	0				0			589	295	240	349	2	12692	240	589	295	240	349	2	12692	240	0				
Recording054	ProVisioNET_study_103_03	Female	Novice	Clicking_pen_fix	1	fullstream	Disruptive_Person	0	0	0	0	0	0	0	0	0	0	0	1	1	0	0	0	0	0	0	0	0	0	0	0	0	0	0	0	0	0	0	0	0	0	0	0	0	0	0	0	0	0	0	0	0	0	0	0												30511	0																																				589	295	240	350	2	12692	240	Disruptive_Person	Disruptive_Person	0				0			589	295	240	350	2	12692	240	589	295	240	350	2	12692	240	0				
Recording054	ProVisioNET_study_103_03	Female	Novice	Drawing	1	fullstream	Disruptive_Person	0	0	0	0	0	0	0	0	0	0	0	0	0	0	0	1	0	0	0	0	0	0	0	0	0	0	0	0	0	0	0	0	0	0	0	1	0	0	0	0	0	0	0	0	0	0	0	0																0																				8469													2479	275	100	600	9	2914	140	Disruptive_Person		0				0			2745	392	100	800	7	2914	140	2945	421	140	820	7	2874	180	0	3074	6771	285.44	266.65
Recording054	ProVisioNET_study_103_03	Female	Novice	Drawing_fix	1	fullstream	Disruptive_Person	0	0	0	0	0	0	0	0	0	0	0	0	0	0	1	1	0	0	0	0	0	0	0	0	0	0	0	0	0	0	0	0	0	0	0	1	0	0	0	0	0	0	0	0	0	0	0	0															10656	0																				8469													4377	398	100	1579	11	2914	140	Disruptive_Person		0				0			5137	734	100	3138	7	2914	140	5337	762	140	3158	7	2874	180	0	3074	6771	285.44	266.65
Recording054	ProVisioNET_study_103_03	Female	Novice	Drumming_with_hands	1	fullstream	Disruptive_Person	0	0	0	0	0	0	0	0	0	0	0	0	0	0	0	0	0	0	1	0	0	0	0	0	0	0	0	0	0	0	0	0	0	0	0	0	1	0	0	0	0	0	0	0	0	0	0	0																			0																		7098												5357	1339	500	3298	4	2324	560	Disruptive_Person		0				0			5357	1339	500	3298	4	2324	560	5477	1369	540	3318	4	2284	600	0	2284	2883	328.38	144.34
Recording054	ProVisioNET_study_103_03	Female	Novice	Drumming_with_hands_fix	1	fullstream	Disruptive_Person	0	0	0	0	0	0	0	0	0	0	0	0	0	0	0	0	0	1	1	0	0	0	0	0	0	0	0	0	0	0	0	0	0	0	0	0	1	0	0	0	0	0	0	0	0	0	0	0																		11621	0																		7098												5357	1339	500	3298	4	2324	560	Disruptive_Person		0				0			5357	1339	500	3298	4	2324	560	5477	1369	540	3318	4	2284	600	0	2284	2883	328.38	144.34
Recording054	ProVisioNET_study_103_03	Female	Novice	Heckling	1	fullstream	Disruptive_Person	0	0	0	0	0	0	0	0	0	0	0	0	0	0	0	0	0	0	0	0	0	0	0	0	1	0	0	0	0	0	0	0	0	0	0	0	0	0	0	0	0	0	0	0	0	0	0	0																									0																								100	100	100	100	1	2619	100	Disruptive_Person		0				0			100	100	100	100	1	2619	100	100	100	100	100	1	2619	100	0				
Recording054	ProVisioNET_study_103_03	Female	Novice	Heckling_fix	1	fullstream	Disruptive_Person	0	0	0	0	0	0	0	0	0	0	0	0	0	0	0	0	0	0	0	0	0	0	0	1	1	0	0	0	0	0	0	0	0	0	0	0	0	0	1	0	0	0	0	0	0	0	0	0																								3210	0														3210										100	100	100	100	1	2619	100	Disruptive_Person		0				0			100	100	100	100	1	2619	100	100	100	100	100	1	2619	100	0				
Recording054	ProVisioNET_study_103_03	Female	Novice	Lesson	1	fullstream	Disruptive_Person	0	1	0	0	0	0	0	1	1	1	1	1	1	1	1	1	1	1	1	1	1	1	1	1	1	0	1	0	0	0	1	1	1	1	0	1	1	0	1	0	1	1	1	1	1	1	1	1		12068						911621	894545	892021	652094	652094	621582	743074	723948	713292	472173	454445	442825	291050	291050	261049	371092	354633	351424		0				831246	831246	802059	893759		721761	449923		354633		179445	535131	206290	179445	176620	551253	537035	531588	16190	522	80	3298	31	177049	1219	Disruptive_Person		0				0			17130	745	100	3298	23	177049	1219	17809	774	100	3318	23	177049	1219	1	178448	178268	310.08	186.13
Recording054	ProVisioNET_study_103_03	Female	Novice	Looking_at_phone	1	fullstream	Disruptive_Person	0	0	0	0	0	0	0	0	0	0	0	0	0	0	0	0	0	0	0	0	0	0	0	0	0	0	0	0	0	0	0	0	1	0	0	0	0	0	0	0	0	0	0	0	0	0	0	0																																	0																1719	430	160	620	4	9649	160	Disruptive_Person		0				0			1739	580	160	1059	3	9649	160	1799	600	160	1099	3	9649	160	1	10248	11348	226.18	127.49
Recording054	ProVisioNET_study_103_03	Female	Novice	Looking_at_phone_fix	1	fullstream	Disruptive_Person	0	0	0	0	0	0	0	0	0	0	0	0	0	0	0	0	0	0	0	0	0	0	0	0	0	0	0	0	0	0	0	0	1	0	0	0	0	0	0	0	0	0	0	0	0	0	0	0																																	0																1719	430	160	620	4	9649	160	Disruptive_Person		0				0			1739	580	160	1059	3	9649	160	1799	600	160	1099	3	9649	160	1	10248	11348	226.18	127.49
Recording054	ProVisioNET_study_103_03	Female	Novice	Snipping_with_fingers	1	fullstream	Disruptive_Person	0	0	0	0	0	0	0	0	0	0	0	0	0	0	0	0	0	0	0	0	0	0	0	0	0	0	0	0	0	0	0	0	0	0	0	0	0	0	0	0	0	0	0	0	1	0	0	0																																													0				1659	829	440	1219	2	429	1219	Disruptive_Person		0				0			1659	829	440	1219	2	429	1219	1699	849	480	1219	2	429	1219	0	1828	1648	310.08	186.13
Recording054	ProVisioNET_study_103_03	Female	Novice	Snpping_with_fingers_fix	1	fullstream	Disruptive_Person	0	0	0	0	0	0	0	0	0	0	0	0	0	0	0	0	0	0	0	0	0	0	0	0	0	0	0	0	0	0	0	0	0	0	0	0	0	0	0	0	1	0	0	1	1	0	0	0																																									2825			2825	0				1659	829	440	1219	2	429	1219	Disruptive_Person		0				0			1659	829	440	1219	2	429	1219	1699	849	480	1219	2	429	1219	0	1828	1648	310.08	186.13
Recording054	ProVisioNET_study_103_03	Female	Novice	Whispering	1	fullstream	Disruptive_Person	0	0	0	0	0	0	0	0	0	0	0	0	0	0	0	0	0	0	0	0	0	0	0	0	0	0	0	0	0	0	0	0	0	0	0	0	0	0	0	0	0	1	0	0	0	0	0	1																																										3543						0	1348	449	80	1068	3	0	1068	Disruptive_Person		0				0			1428	714	360	1068	2	0	1068	1468	734	400	1068	2	0	1068	0		1068		226.63
Recording054	ProVisioNET_study_103_03	Female	Novice	Whispering_fix	1	fullstream	Disruptive_Person	0	0	0	0	0	0	0	0	0	0	0	0	0	0	0	0	0	0	0	0	0	0	0	0	0	0	0	0	0	0	0	0	0	0	0	0	0	0	0	0	0	1	0	0	0	0	1	1																																										3543					5447	0	1348	449	80	1068	3	0	1068	Disruptive_Person		0				0			1428	714	360	1068	2	0	1068	1468	734	400	1068	2	0	1068	0		1068		226.63
Recording054	ProVisioNET_study_103_03	Female	Novice	snapshot_disruptive_person	1	snapshot_disruptive_person	Disruptive_Person	0	0	0	0	0	0	0	0	0	0	0	0	0	0	0	0	0	0	0	0	0	0	0	0	0	0	0	0	0	0	0	0	0	0	0	0	0	0	0	0	0	0	0	0	0	0	0	0																																																	1659	829	440	1219	2	0	1219	Disruptive_Person	Disruptive_Person	0				0			1879	1879	1879	1879	1	0	1879	1879	1879	1879	1879	1	0	1879	2				
Recording054	ProVisioNET_study_103_03	Female	Novice	snapshot_disruptive_person	2	snapshot_disruptive_person	Disruptive_Person	0	0	0	0	0	0	0	0	0	0	0	0	0	0	0	0	0	0	0	0	0	0	0	0	0	0	0	0	0	0	0	0	0	0	0	0	0	0	0	0	0	0	0	0	0	0	0	0																																																	100	100	100	100	1	0	100	Disruptive_Person	Disruptive_Person	0				0			100	100	100	100	1	0	100	100	100	100	100	1	0	100	0				
Recording054	ProVisioNET_study_103_03	Female	Novice	snapshot_disruptive_person	3	snapshot_disruptive_person	Disruptive_Person	0	0	0	0	0	0	0	0	0	0	0	0	0	0	0	0	0	0	0	0	0	0	0	0	0	0	0	0	0	0	0	0	0	0	0	0	1	0	0	0	0	0	0	0	0	0	0	0																																					4774												5357	1339	500	3298	4	0	560	Disruptive_Person		0				0			9075	9075	9075	9075	1	0	9075	9075	9075	9075	9075	1	0	9075	10				
Recording054	ProVisioNET_study_103_03	Female	Novice	snapshot_disruptive_person	4	snapshot_disruptive_person	Disruptive_Person	0	0	0	0	0	0	0	0	0	0	0	0	0	0	0	0	0	0	0	0	0	0	0	0	0	0	0	0	0	0	0	0	0	0	0	0	0	0	0	0	0	1	0	0	0	0	0	1																																										3754						211	1559	520	80	1279	3	0	1279	Disruptive_Person	Disruptive_Person	0				0			3918	3918	3918	3918	1	0	3918	3918	3918	3918	3918	1	0	3918	5				
Recording054	ProVisioNET_study_103_03	Female	Novice	snapshot_disruptive_person	5	snapshot_disruptive_person	Disruptive_Person	0	0	0	0	0	0	0	0	0	0	0	0	0	0	0	0	0	0	0	0	0	0	0	0	0	0	0	0	0	0	0	0	0	0	0	0	0	0	0	0	0	0	0	0	0	0	0	0																																																	240	240	240	240	1	0	240	Disruptive_Person	Disruptive_Person	0				0			240	240	240	240	1	0	240	240	240	240	240	1	0	240	0				
Recording054	ProVisioNET_study_103_03	Female	Novice	snapshot_disruptive_person	6	snapshot_disruptive_person	Disruptive_Person	0	0	0	0	0	0	0	0	0	0	1	1	0	0	0	0	0	0	0	0	0	0	0	0	0	0	0	0	0	0	0	0	0	0	0	0	0	0	0	0	0	0	0	0	0	0	0	0											350	349																																					580	580	580	580	1	0	580	Disruptive_Person	Disruptive_Person	0				0			580	580	580	580	1	0	580	580	580	580	580	1	0	580	0				
Recording054	ProVisioNET_study_103_03	Female	Novice	snapshot_disruptive_person	7	snapshot_disruptive_person	Disruptive_Person	0	0	0	0	0	0	0	0	0	0	0	0	0	0	1	0	0	0	0	0	0	0	0	0	0	0	0	0	0	0	0	0	0	0	0	1	0	0	0	0	0	0	0	0	0	0	0	0															7742																					5556													4377	398	100	1579	11	0	140	Disruptive_Person	Disruptive_Person	0				0			10134	10134	10134	10134	1	0	10134	10134	10134	10134	10134	1	0	10134	6				
Recording054	ProVisioNET_study_103_03	Female	Novice	snapshot_disruptive_person	8	snapshot_disruptive_person	Disruptive_Person	0	0	0	0	0	0	0	0	0	0	0	0	0	0	0	0	0	0	0	0	0	0	0	0	0	0	0	0	0	0	0	0	0	0	0	0	0	0	0	0	0	0	0	0	0	0	0	0																																																	1719	430	160	620	4	0	160	Disruptive_Person	Disruptive_Person	0				0			3318	3318	3318	3318	1	0	3318	3318	3318	3318	3318	1	0	3318	7				
Recording054	ProVisioNET_study_103_03	Female	Novice	snapshot_disruptive_person	9	snapshot_disruptive_person	Disruptive_Person	0	0	0	0	0	0	0	0	1	0	0	0	0	0	0	0	0	0	0	0	0	0	0	0	0	0	0	0	0	0	0	0	0	1	0	0	0	0	0	0	0	0	0	0	0	0	0	0									1706																									920															600	150	100	280	4	0	120	Disruptive_Person	Disruptive_Person	0				0			1719	1719	1719	1719	1	0	1719	1719	1719	1719	1719	1	0	1719	2				
Recording054	ProVisioNET_study_103_03	Female	Novice	Entire Recording	1	fullstream	Disruptive_Person	0	1	1	1	1	1	1	1	1	1	1	1	1	1	1	1	1	1	1	1	1	1	1	1	1	1	1	0	1	1	1	1	1	1	0	1	1	0	1	0	1	1	1	1	1	1	1	1		594000	576876	564350	1701331	1680331	1671533	1493553	1476477	1473953	1234026	1234026	1203515	1325006	1305880	1295224	1054105	1036378	1024757	872982	872982	842982	953024	936566	933356	1635138	581932		1753780	1749187	1413179	1413179	1383992	1475691		1303694	1031855		936566		761378	1117063	788222	761378	758552	1133185	1118967	1113520	16190	522	80	3298	31	758981	1219	Disruptive_Person		0				0			17130	745	100	3298	23	758981	1219	17809	774	100	3318	23	758981	1219	1	760380	760200	310.08	186.13
Recording055	ProVisioNET_study_104_04	Female	Novice	Chatting_with_neighbour	1	fullstream	Disruptive_Person	0	0	0	0	0	0	0	0	0	1	0	0	0	0	0	0	0	0	0	0	0	0	0	0	0	0	0	0	0	0	0	0	0	1	0	0	0	0	0	0	0	0	0	0	0	0	0	0										0																								4317															2878	1439	800	2079	2	61	2079	Disruptive_Person		0				0			2978	2978	2978	2978	1	61	2978	2998	2998	2998	2998	1	41	2998	0	41		137.73	
Recording055	ProVisioNET_study_104_04	Female	Novice	Chatting_with_neighbour_fix	1	fullstream	Disruptive_Person	0	0	0	0	0	0	0	0	1	1	0	0	0	0	0	0	0	0	0	0	0	0	0	0	0	0	0	0	0	0	0	0	0	1	0	0	0	0	0	0	0	0	0	0	0	0	0	0									5421	0																								4317															2878	1439	800	2079	2	61	2079	Disruptive_Person		0				0			2978	2978	2978	2978	1	61	2978	2998	2998	2998	2998	1	41	2998	0	41		137.73	
Recording055	ProVisioNET_study_104_04	Female	Novice	Clicking_pen	1	fullstream	Disruptive_Person	0	0	0	0	0	0	0	0	0	0	0	0	1	0	0	0	0	0	0	0	0	0	0	0	0	0	0	0	0	0	0	0	0	0	1	0	0	0	0	0	0	0	0	0	0	0	0	0													0																						11884														5557	695	220	1719	8	3378	400	Disruptive_Person		0				0			6256	1564	220	2778	4	3378	1539	6476	1619	260	2818	4	3258	1659	2	11153	4917	241.78	338.92
Recording055	ProVisioNET_study_104_04	Female	Novice	Clicking_pen_fix	1	fullstream	Disruptive_Person	0	0	0	0	0	0	0	0	0	0	0	1	1	0	0	0	0	0	0	0	0	0	0	0	0	0	0	0	0	0	0	0	0	0	1	0	0	0	0	0	0	0	0	0	0	0	0	0												12503	0																						11884														5557	695	220	1719	8	3378	400	Disruptive_Person		0				0			6256	1564	220	2778	4	3378	1539	6476	1619	260	2818	4	3258	1659	2	11153	4917	241.78	338.92
Recording055	ProVisioNET_study_104_04	Female	Novice	Drawing	1	fullstream	Anna	0	0	0	0	0	0	0	0	0	0	0	0	0	1	0	1	0	0	0	0	0	0	0	0	0	0	0	0	0	0	0	0	0	0	0	0	0	0	0	0	0	0	0	0	0	0	0	0														21009		0																																	3058	612	420	979	5	14370	560	Anna		0				0			3138	785	420	1639	4	14370	560	3338	834	460	1659	4	14290	640	0	17888	18468	364.71	228.17
Recording055	ProVisioNET_study_104_04	Female	Novice	Drawing	1	fullstream	Bianca	0	0	0	0	0	0	0	0	0	0	0	0	0	1	0	1	0	0	0	0	0	0	0	0	0	0	0	0	0	0	0	0	0	0	0	0	0	0	0	0	0	0	0	0	0	0	0	0														21009		0																																	0				0			Anna		0				0			0				0			0				0			0				
Recording055	ProVisioNET_study_104_04	Female	Novice	Drawing	1	fullstream	Carl(a)	0	0	0	0	0	0	0	0	0	0	0	0	0	1	0	1	0	0	0	0	0	0	0	0	0	0	0	0	0	0	0	0	0	0	0	0	0	0	0	0	0	0	0	0	0	0	0	0														21009		0																																	0				0			Anna		0				0			0				0			0				0			0				
Recording055	ProVisioNET_study_104_04	Female	Novice	Drawing_fix	1	fullstream	Anna	0	0	0	0	0	0	0	0	0	0	0	0	0	0	0	1	0	0	0	0	0	0	0	0	0	0	0	0	0	0	0	0	0	0	0	0	0	0	0	0	0	0	0	0	0	0	0	0																0																																	1499	500	420	560	3	14370	560	Anna		0				0			1499	500	420	560	3	14370	560	1679	560	460	640	3	14290	640	0	17888	18468	364.71	228.17
Recording055	ProVisioNET_study_104_04	Female	Novice	Drawing_fix	1	fullstream	Bianca	0	0	0	0	0	0	0	0	0	0	0	0	0	0	0	1	0	0	0	0	0	0	0	0	0	0	0	0	0	0	0	0	0	0	0	0	0	0	0	0	0	0	0	0	0	0	0	0																0																																	0				0			Anna		0				0			0				0			0				0			0				
Recording055	ProVisioNET_study_104_04	Female	Novice	Drawing_fix	1	fullstream	Carl(a)	0	0	0	0	0	0	0	0	0	0	0	0	0	0	0	1	0	0	0	0	0	0	0	0	0	0	0	0	0	0	0	0	0	0	0	0	0	0	0	0	0	0	0	0	0	0	0	0																0																																	0				0			Anna		0				0			0				0			0				0			0				
Recording055	ProVisioNET_study_104_04	Female	Novice	Drumming_with_hands	1	fullstream	Disruptive_Person	0	0	0	0	0	0	0	0	0	0	0	0	0	0	0	0	0	0	1	0	0	0	0	0	0	0	0	0	0	0	0	0	0	0	0	0	1	0	0	0	0	0	0	0	0	0	0	0																			0																		10042												4630	514	140	1208	9	0	1208	Disruptive_Person	Disruptive_Person	0				0			4870	812	220	2183	6	0	1368	5170	862	280	2223	6	0	1368	1	6345	1368	504.69	235.56
Recording055	ProVisioNET_study_104_04	Female	Novice	Drumming_with_hands_fix	1	fullstream	Disruptive_Person	0	0	0	0	0	0	0	0	0	0	0	0	0	0	0	0	0	1	1	0	0	0	0	0	0	0	0	0	0	0	0	0	0	0	0	0	1	0	0	0	0	0	0	0	0	0	0	0																		11346	0																		10042												6765	752	140	2339	9	0	1208	Disruptive_Person		0				0			7005	1167	220	4317	6	0	1368	7305	1217	280	4357	6	0	1368	1	6345	1368	504.69	235.56
Recording055	ProVisioNET_study_104_04	Female	Novice	Head_on_table	1	fullstream	Disruptive_Person	0	0	0	0	0	0	0	0	0	0	0	0	0	0	0	0	0	0	0	0	0	1	0	0	0	0	0	0	0	0	0	0	0	0	0	0	0	1	0	0	0	0	0	0	0	0	0	0																						0																10000											1579	263	120	620	6	1	140	Disruptive_Person		0				0			1599	320	120	899	5	1	140	1860	372	141	959	5	0	141	1	4839	141	614.81	173.67
Recording055	ProVisioNET_study_104_04	Female	Novice	Head_on_table_fix	1	fullstream	Disruptive_Person	0	0	0	0	0	0	0	0	0	0	0	0	0	0	0	0	0	0	0	0	1	1	0	0	0	0	0	0	0	0	0	0	0	0	0	0	0	1	0	0	0	0	0	0	0	0	0	0																					11975	0																10000											1579	263	120	620	6	1	140	Disruptive_Person		0				0			1599	320	120	899	5	1	140	1860	372	141	959	5	0	141	1	4839	141	614.81	173.67
Recording055	ProVisioNET_study_104_04	Female	Novice	Heckling	1	fullstream	Disruptive_Person	0	0	0	0	0	0	0	0	0	0	0	0	0	0	0	0	0	0	0	0	0	0	0	0	1	0	0	0	0	0	0	0	0	0	0	0	0	0	1	0	0	0	0	0	0	0	0	0																									0														5810										2000	1000	360	1640	2	0	1640	Disruptive_Person		0				0			2000	1000	360	1640	2	0	1640	2060	1030	420	1640	2	0	1640	0		1640		329.14
Recording055	ProVisioNET_study_104_04	Female	Novice	Heckling_fix	1	fullstream	Disruptive_Person	0	0	0	0	0	0	0	0	0	0	0	0	0	0	0	0	0	0	0	0	0	0	0	1	1	0	0	0	0	0	0	0	0	0	0	0	0	0	1	0	0	0	0	0	0	0	0	0																								6390	0														5810										2000	1000	360	1640	2	0	1640	Disruptive_Person		0				0			2000	1000	360	1640	2	0	1640	2060	1030	420	1640	2	0	1640	0		1640		329.14
Recording055	ProVisioNET_study_104_04	Female	Novice	Lesson	1	fullstream	Anna	0	1	0	0	0	0	0	1	1	1	1	1	1	1	1	1	1	1	1	1	1	1	1	1	1	0	1	0	0	0	1	1	1	1	1	0	1	1	1	1	1	1	1	1	1	1	1	1		3138						916823	892597	887175	429152	411152	398649	819680	829853	798671	272528	264293	252947	196579	179120	167145	557379	533142	526752		0				647508	627141	617445	891492	410533		262989	177145	532562	625858	351980	731532	375745	354070	346375	755820	733820	725746	3058	612	420	979	5	813041	560	Disruptive_Person		0				0			3138	785	420	1639	4	813041	560	3338	834	460	1659	4	812961	640	0	816559	817139	364.71	228.17
Recording055	ProVisioNET_study_104_04	Female	Novice	Lesson	1	fullstream	Bianca	0	1	0	0	0	0	0	1	1	1	1	1	1	1	1	1	1	1	1	1	1	1	1	1	1	0	1	0	0	0	1	1	1	1	1	0	1	1	1	1	1	1	1	1	1	1	1	1		3138						916823	892597	887175	429152	411152	398649	819680	829853	798671	272528	264293	252947	196579	179120	167145	557379	533142	526752		0				647508	627141	617445	891492	410533		262989	177145	532562	625858	351980	731532	375745	354070	346375	755820	733820	725746	0				0			Disruptive_Person		0				0			0				0			0				0			0				
Recording055	ProVisioNET_study_104_04	Female	Novice	Lesson	1	fullstream	Carl(a)	0	1	0	0	0	0	0	1	1	1	1	1	1	1	1	1	1	1	1	1	1	1	1	1	1	0	1	0	0	0	1	1	1	1	1	0	1	1	1	1	1	1	1	1	1	1	1	1		3138						916823	892597	887175	429152	411152	398649	819680	829853	798671	272528	264293	252947	196579	179120	167145	557379	533142	526752		0				647508	627141	617445	891492	410533		262989	177145	532562	625858	351980	731532	375745	354070	346375	755820	733820	725746	0				0			Disruptive_Person		0				0			0				0			0				0			0				
Recording055	ProVisioNET_study_104_04	Female	Novice	Lesson	1	fullstream	Disruptive_Person	0	1	0	0	0	0	0	1	1	1	1	1	1	1	1	1	1	1	1	1	1	1	1	1	1	0	1	0	0	0	1	1	1	1	1	0	1	1	1	1	1	1	1	1	1	1	1	1		3138						916823	892597	887175	429152	411152	398649	819680	829853	798671	272528	264293	252947	196579	179120	167145	557379	533142	526752		0				647508	627141	617445	891492	410533		262989	177145	532562	625858	351980	731532	375745	354070	346375	755820	733820	725746	33740	823	120	4637	41	167147	140	Disruptive_Person		0				0			35559	1270	120	4957	28	167147	140	37038	1323	180	5017	28	167107	180	6	167107	167287	124.36	173.67
Recording055	ProVisioNET_study_104_04	Female	Novice	Looking_at_phone	1	fullstream	Disruptive_Person	0	0	0	0	0	0	0	0	0	0	0	0	0	0	0	0	0	0	0	0	0	0	0	0	0	0	0	0	0	0	0	0	1	0	0	0	0	0	0	1	0	0	0	0	0	0	0	0																																	0							8413									2039	408	320	560	5	1932	320	Disruptive_Person		0				0			2059	515	320	959	4	1932	320	2219	555	380	999	4	1872	380	1	1872	2252	481.23	429.18
Recording055	ProVisioNET_study_104_04	Female	Novice	Looking_at_phone_fix	1	fullstream	Disruptive_Person	0	0	0	0	0	0	0	0	0	0	0	0	0	0	0	0	0	0	0	0	0	0	0	0	0	0	0	0	0	0	0	1	1	0	0	0	0	0	0	1	0	0	0	0	0	0	0	0																																9696	0							8413									2039	408	320	560	5	1932	320	Disruptive_Person		0				0			2059	515	320	959	4	1932	320	2219	555	380	999	4	1872	380	1	1872	2252	481.23	429.18
Recording055	ProVisioNET_study_104_04	Female	Novice	Snipping_with_fingers	1	fullstream	Disruptive_Person	0	0	0	0	0	0	0	0	0	0	0	0	0	0	0	0	0	0	0	0	0	0	0	0	0	0	0	0	0	0	0	0	0	0	0	0	0	0	0	0	1	0	0	0	1	0	0	0																																									5605				0				3113	778	140	1854	4	3264	140	Disruptive_Person	Disruptive_Person	0				0			3832	1916	140	3693	2	3264	140	3952	1976	180	3772	2	3224	180	0				
Recording055	ProVisioNET_study_104_04	Female	Novice	Snpping_with_fingers_fix	1	fullstream	Disruptive_Person	0	0	0	0	0	0	0	0	0	0	0	0	0	0	0	0	0	0	0	0	0	0	0	0	0	0	0	0	0	0	0	0	0	0	0	0	0	0	0	0	1	0	0	1	1	0	0	0																																									5605			7696	0				3518	879	140	2259	4	3264	140	Disruptive_Person		0				0			4237	2119	140	4098	2	3264	140	4357	2179	180	4178	2	3224	180	0				
Recording055	ProVisioNET_study_104_04	Female	Novice	Whispering	1	fullstream	Disruptive_Person	0	0	0	0	0	0	0	0	0	0	0	0	0	0	0	0	0	0	0	0	0	0	0	0	0	0	0	0	0	0	0	0	0	0	0	0	0	0	0	0	0	1	0	0	0	0	0	1																																										5786						0	5935	1484	540	2886	4	0	2886	Disruptive_Person	Disruptive_Person	0				0			5935	1484	540	2886	4	0	2886	6115	1529	580	2886	4	0	2886	0	3345	2886	306.17	354.25
Recording055	ProVisioNET_study_104_04	Female	Novice	Whispering_fix	1	fullstream	Disruptive_Person	0	0	0	0	0	0	0	0	0	0	0	0	0	0	0	0	0	0	0	0	0	0	0	0	0	0	0	0	0	0	0	0	0	0	0	0	0	0	0	0	0	1	0	0	0	0	1	1																																										5786					8074	0	6424	1606	540	2886	4	0	2886	Disruptive_Person		0				0			6424	1606	540	2886	4	0	2886	6603	1651	580	2886	4	0	2886	0	3345	2886	306.17	354.25
Recording055	ProVisioNET_study_104_04	Female	Novice	snapshot_disruptive_person	1	snapshot_disruptive_person	Disruptive_Person	0	0	0	0	0	0	0	0	0	0	0	0	0	0	0	0	0	0	0	0	0	0	0	0	0	0	0	0	0	0	0	0	0	0	0	0	0	0	0	0	0	0	0	0	0	0	0	0																																																	1579	263	120	620	6	0	140	Disruptive_Person	Disruptive_Person	0				0			9394	9394	9394	9394	1	0	9394	9394	9394	9394	9394	1	0	9394	14				
Recording055	ProVisioNET_study_104_04	Female	Novice	snapshot_disruptive_person	2	snapshot_disruptive_person	Disruptive_Person	0	0	0	0	0	0	0	0	0	0	0	0	0	0	0	0	0	1	1	0	0	0	0	0	0	0	0	0	0	0	0	0	0	0	0	0	1	0	0	0	0	0	0	0	0	0	0	0																		11797	451																		10493												7216	802	140	2339	9	0	1659	Disruptive_Person	Disruptive_Person	0				0			13932	13932	13932	13932	1	0	13932	13932	13932	13932	13932	1	0	13932	7				
Recording055	ProVisioNET_study_104_04	Female	Novice	snapshot_disruptive_person	3	snapshot_disruptive_person	Disruptive_Person	0	0	0	0	0	0	0	0	0	0	0	0	0	0	0	0	0	0	0	0	0	0	0	0	0	0	0	0	0	0	0	0	0	0	0	0	0	0	0	0	1	0	0	1	0	0	0	0																																									2341			4432					3518	879	140	2259	4	0	140	Disruptive_Person	Disruptive_Person	0				0			4837	4837	4837	4837	1	0	4837	4837	4837	4837	4837	1	0	4837	0				
Recording055	ProVisioNET_study_104_04	Female	Novice	snapshot_disruptive_person	4	snapshot_disruptive_person	Disruptive_Person	0	0	0	0	0	0	0	0	0	0	0	0	0	0	0	0	0	0	0	0	0	0	0	0	0	0	0	0	0	0	0	0	0	0	0	0	0	0	0	0	0	0	0	0	0	0	0	0																																																	5557	695	220	1719	8	0	400	Disruptive_Person	Disruptive_Person	0				0			8035	8035	8035	8035	1	0	8035	8035	8035	8035	8035	1	0	8035	8				
Recording055	ProVisioNET_study_104_04	Female	Novice	snapshot_disruptive_person	5	snapshot_disruptive_person	Disruptive_Person	0	0	0	0	0	0	0	0	0	0	0	0	0	0	0	0	0	0	0	0	0	0	0	0	1	0	0	0	0	0	0	0	0	0	0	0	0	0	0	0	0	0	0	0	0	0	0	0																									479																								2479	1239	360	2119	2	0	2119	Disruptive_Person		0				0			4158	4158	4158	4158	1	0	4158	4158	4158	4158	4158	1	0	4158	4				
Recording055	ProVisioNET_study_104_04	Female	Novice	snapshot_disruptive_person	6	snapshot_disruptive_person	Disruptive_Person	0	0	0	0	0	0	0	0	0	0	0	0	0	0	0	0	0	0	0	0	0	0	0	0	0	0	0	0	0	0	0	0	0	0	0	0	0	0	0	1	0	0	0	0	0	0	0	0																																								6480									2039	408	320	560	5	0	320	Disruptive_Person	Disruptive_Person	0				0			7376	7376	7376	7376	1	0	7376	7376	7376	7376	7376	1	0	7376	8				
Recording055	ProVisioNET_study_104_04	Female	Novice	snapshot_disruptive_person	7	snapshot_disruptive_person	Disruptive_Person	0	0	0	0	0	0	0	0	0	0	0	0	0	0	0	0	0	0	0	0	0	0	0	0	0	0	0	0	0	0	0	0	0	0	0	0	0	0	0	0	0	1	0	0	0	0	1	1																																										7857					10145	2071	8475	1695	300	4637	5	0	300	Disruptive_Person	Disruptive_Person	0				0			10634	10634	10634	10634	1	0	10634	10634	10634	10634	10634	1	0	10634	5				
Recording055	ProVisioNET_study_104_04	Female	Novice	snapshot_disruptive_person	8	snapshot_disruptive_person	Disruptive_Person	0	0	0	0	0	0	0	0	0	0	0	0	0	0	0	0	0	0	0	0	0	0	0	0	0	0	0	0	0	0	0	0	0	0	0	0	0	0	0	0	0	0	0	0	0	0	0	0																																																	2878	1439	800	2079	2	0	2079	Disruptive_Person	Disruptive_Person	0				0			2978	2978	2978	2978	1	0	2978	2978	2978	2978	2978	1	0	2978	0				
Recording055	ProVisioNET_study_104_04	Female	Novice	snapshot_students	1	snapshot_students	Anna	0	0	0	0	0	0	0	0	0	0	0	0	0	0	0	0	0	0	0	0	0	0	0	0	0	0	0	0	0	0	0	0	0	0	0	0	0	0	0	0	0	0	0	0	0	0	0	0																																																	1499	500	420	560	3	0	560	Anna	Anna	0				0			4857	4857	4857	4857	1	0	4857	4857	4857	4857	4857	1	0	4857	5				
Recording055	ProVisioNET_study_104_04	Female	Novice	snapshot_students	1	snapshot_students	Bianca	0	0	0	0	0	0	0	0	0	0	0	0	0	0	0	0	0	0	0	0	0	0	0	0	0	0	0	0	0	0	0	0	0	0	0	0	0	0	0	0	0	0	0	0	0	0	0	0																																																	0				0			Anna	Anna	0				0			0				0			0				0			0				
Recording055	ProVisioNET_study_104_04	Female	Novice	snapshot_students	1	snapshot_students	Carl(a)	0	0	0	0	0	0	0	0	0	0	0	0	0	0	0	0	0	0	0	0	0	0	0	0	0	0	0	0	0	0	0	0	0	0	0	0	0	0	0	0	0	0	0	0	0	0	0	0																																																	0				0			Anna	Anna	0				0			0				0			0				0			0				
Recording055	ProVisioNET_study_104_04	Female	Novice	snapshot_students	2	snapshot_students	Anna	0	0	0	0	0	0	0	0	0	0	0	0	0	0	0	0	0	0	0	0	0	0	0	0	0	0	0	0	0	0	0	0	0	0	0	0	0	0	0	0	0	0	0	0	0	0	0	0																																																	1559	780	580	979	2	0	580	Anna	Anna	0				0			1639	1639	1639	1639	1	0	1639	1639	1639	1639	1639	1	0	1639	0				
Recording055	ProVisioNET_study_104_04	Female	Novice	snapshot_students	2	snapshot_students	Bianca	0	0	0	0	0	0	0	0	0	0	0	0	0	0	0	0	0	0	0	0	0	0	0	0	0	0	0	0	0	0	0	0	0	0	0	0	0	0	0	0	0	0	0	0	0	0	0	0																																																	0				0			Anna	Anna	0				0			0				0			0				0			0				
Recording055	ProVisioNET_study_104_04	Female	Novice	snapshot_students	2	snapshot_students	Carl(a)	0	0	0	0	0	0	0	0	0	0	0	0	0	0	0	0	0	0	0	0	0	0	0	0	0	0	0	0	0	0	0	0	0	0	0	0	0	0	0	0	0	0	0	0	0	0	0	0																																																	0				0			Anna	Anna	0				0			0				0			0				0			0				
Recording055	ProVisioNET_study_104_04	Female	Novice	Entire Recording	1	fullstream	Anna	0	1	1	1	1	1	1	1	1	1	1	1	1	1	1	1	1	1	1	1	1	1	1	1	1	1	1	0	1	1	1	1	1	1	1	0	1	1	1	1	1	1	1	1	1	1	1	1		501611	490098	471385	1604453	1594453	1574840	1415296	1391070	1385648	927625	909625	897122	1318153	1328326	1297144	771001	762766	751420	695052	677593	665618	1055852	1031614	1025225	1538906	498473		1675867	1672844	1145981	1125614	1115918	1389965	909006		761461	675618	1031034	1124331	850452	1230005	874218	852543	844847	1254293	1232293	1224219	3058	612	420	979	5	1311514	560	Disruptive_Person		0				0			3138	785	420	1639	4	1311514	560	3338	834	460	1659	4	1311434	640	0	1315032	1315612	364.71	228.17
Recording055	ProVisioNET_study_104_04	Female	Novice	Entire Recording	1	fullstream	Bianca	0	1	1	1	1	1	1	1	1	1	1	1	1	1	1	1	1	1	1	1	1	1	1	1	1	1	1	0	1	1	1	1	1	1	1	0	1	1	1	1	1	1	1	1	1	1	1	1		501611	490098	471385	1604453	1594453	1574840	1415296	1391070	1385648	927625	909625	897122	1318153	1328326	1297144	771001	762766	751420	695052	677593	665618	1055852	1031614	1025225	1538906	498473		1675867	1672844	1145981	1125614	1115918	1389965	909006		761461	675618	1031034	1124331	850452	1230005	874218	852543	844847	1254293	1232293	1224219	0				0			Disruptive_Person		0				0			0				0			0				0			0				
Recording055	ProVisioNET_study_104_04	Female	Novice	Entire Recording	1	fullstream	Carl(a)	0	1	1	1	1	1	1	1	1	1	1	1	1	1	1	1	1	1	1	1	1	1	1	1	1	1	1	0	1	1	1	1	1	1	1	0	1	1	1	1	1	1	1	1	1	1	1	1		501611	490098	471385	1604453	1594453	1574840	1415296	1391070	1385648	927625	909625	897122	1318153	1328326	1297144	771001	762766	751420	695052	677593	665618	1055852	1031614	1025225	1538906	498473		1675867	1672844	1145981	1125614	1115918	1389965	909006		761461	675618	1031034	1124331	850452	1230005	874218	852543	844847	1254293	1232293	1224219	0				0			Disruptive_Person		0				0			0				0			0				0			0				
Recording055	ProVisioNET_study_104_04	Female	Novice	Entire Recording	1	fullstream	Disruptive_Person	0	1	1	1	1	1	1	1	1	1	1	1	1	1	1	1	1	1	1	1	1	1	1	1	1	1	1	0	1	1	1	1	1	1	1	0	1	1	1	1	1	1	1	1	1	1	1	1		501611	490098	471385	1604453	1594453	1574840	1415296	1391070	1385648	927625	909625	897122	1318153	1328326	1297144	771001	762766	751420	695052	677593	665618	1055852	1031614	1025225	1538906	498473		1675867	1672844	1145981	1125614	1115918	1389965	909006		761461	675618	1031034	1124331	850452	1230005	874218	852543	844847	1254293	1232293	1224219	33740	823	120	4637	41	665620	140	Disruptive_Person		0				0			35559	1270	120	4957	28	665620	140	37038	1323	180	5017	28	665580	180	6	665580	665759	124.36	173.67
Recording057	ProVisioNET_study_105_05	Male	Novice	Chatting_with_neighbour	1	fullstream	Disruptive_Person	0	0	0	0	0	0	0	0	0	1	0	0	0	0	0	0	0	0	0	0	0	0	0	0	0	0	0	0	0	0	0	0	0	1	0	0	0	0	0	0	0	0	0	0	0	0	0	0										0																								9541															6753	1351	220	2858	5	0	257	Disruptive_Person		0				0			6773	1693	220	3135	4	0	3135	6913	1728	220	3135	4	0	3135	1	8572	7513	337.33	427.65
Recording057	ProVisioNET_study_105_05	Male	Novice	Chatting_with_neighbour_fix	1	fullstream	Disruptive_Person	0	0	0	0	0	0	0	0	1	1	0	0	0	0	0	0	0	0	0	0	0	0	0	0	0	0	0	0	0	0	0	0	0	1	0	0	0	0	0	0	0	0	0	0	0	0	0	0									10519	0																								9541															6753	1351	220	2858	5	0	257	Disruptive_Person		0				0			6773	1693	220	3135	4	0	3135	6913	1728	220	3135	4	0	3135	1	8572	7513	337.33	427.65
Recording057	ProVisioNET_study_105_05	Male	Novice	Clicking_pen	1	fullstream	Disruptive_Person	0	0	0	0	0	0	0	0	0	0	0	0	1	0	0	0	0	0	0	0	0	0	0	0	0	0	0	0	0	0	0	0	0	0	1	0	0	0	0	0	0	0	0	0	0	0	0	0													0																						12625														3778	944	100	1639	4	2134	540	Disruptive_Person		0				0			3798	1266	540	1759	3	2134	540	3978	1326	580	1819	3	2094	580	1	2094	2674	119.1	370.72
Recording057	ProVisioNET_study_105_05	Male	Novice	Clicking_pen_fix	1	fullstream	Disruptive_Person	0	0	0	0	0	0	0	0	0	0	0	1	1	0	0	0	0	0	0	0	0	0	0	0	0	0	0	0	0	0	0	0	0	0	1	0	0	0	0	0	0	0	0	0	0	0	0	0												13456	0																						12625														3778	944	100	1639	4	2134	540	Disruptive_Person		0				0			3798	1266	540	1759	3	2134	540	3978	1326	580	1819	3	2094	580	1	2094	2674	119.1	370.72
Recording057	ProVisioNET_study_105_05	Male	Novice	Drawing	1	fullstream	Disruptive_Person	0	0	0	0	0	0	0	0	0	0	0	0	0	0	0	1	0	0	0	0	0	0	0	0	0	0	0	0	0	0	0	0	0	0	0	1	0	0	0	0	0	0	0	0	0	0	0	0																0																				14127													2143	714	180	1004	3	0	1004	Disruptive_Person		0				0			2143	714	180	1004	3	0	1004	2283	761	240	1039	3	0	1004	0	2623	10898	487.37	100.35
Recording057	ProVisioNET_study_105_05	Male	Novice	Drawing_fix	1	fullstream	Disruptive_Person	0	0	0	0	0	0	0	0	0	0	0	0	0	0	1	1	0	0	0	0	0	0	0	0	0	0	0	0	0	0	0	0	0	0	0	1	0	0	0	0	0	0	0	0	0	0	0	0															15223	0																				14127													2143	714	180	1004	3	0	1004	Disruptive_Person		0				0			2143	714	180	1004	3	0	1004	2283	761	240	1039	3	0	1004	0	2623	10898	487.37	100.35
Recording057	ProVisioNET_study_105_05	Male	Novice	Drumming_with_hands	1	fullstream	Disruptive_Person	0	0	0	0	0	0	0	0	0	0	0	0	0	0	0	0	0	0	1	0	0	0	0	0	0	0	0	0	0	0	0	0	0	0	0	0	1	0	0	0	0	0	0	0	0	0	0	0																			0																		7225												3165	1055	620	1486	3	1720	1059	Disruptive_Person	Disruptive_Person	0				0			3165	1055	620	1486	3	1720	1059	3245	1082	640	1506	3	1680	1099	0	1680	6597	147.84	207.54
Recording057	ProVisioNET_study_105_05	Male	Novice	Drumming_with_hands_fix	1	fullstream	Disruptive_Person	0	0	0	0	0	0	0	0	0	0	0	0	0	0	0	0	0	1	1	0	0	0	0	0	0	0	0	0	0	0	0	0	0	0	0	0	1	0	0	0	0	0	0	0	0	0	0	0																		8802	0																		7225												3378	1126	620	1699	3	1720	1059	Disruptive_Person		0				0			3378	1126	620	1699	3	1720	1059	3458	1153	640	1719	3	1680	1099	0	1680	6597	147.84	207.54
Recording057	ProVisioNET_study_105_05	Male	Novice	Head_on_table	1	fullstream	Disruptive_Person	0	0	0	0	0	0	0	0	0	0	0	0	0	0	0	0	0	0	0	0	0	1	0	0	0	0	0	0	0	0	0	0	0	0	0	0	0	1	0	0	0	0	0	0	0	0	0	0																						0																16910											3665	733	80	2166	5	615	320	Disruptive_Person	Disruptive_Person	0				0			3665	733	80	2166	5	615	320	3845	769	100	2226	5	595	340	0	595	2714	302.57	480.75
Recording057	ProVisioNET_study_105_05	Male	Novice	Head_on_table_fix	1	fullstream	Disruptive_Person	0	0	0	0	0	0	0	0	0	0	0	0	0	0	0	0	0	0	0	0	1	1	0	0	0	0	0	0	0	0	0	0	0	0	0	0	0	1	0	0	0	0	0	0	0	0	0	0																					17652	0																16910											4817	963	80	3318	5	615	320	Disruptive_Person		0				0			4817	963	80	3318	5	615	320	4997	999	100	3378	5	595	340	0	595	2714	302.57	480.75
Recording057	ProVisioNET_study_105_05	Male	Novice	Heckling	1	fullstream	Disruptive_Person	0	0	0	0	0	0	0	0	0	0	0	0	0	0	0	0	0	0	0	0	0	0	0	0	1	0	0	0	0	0	0	0	0	0	0	0	0	0	0	0	0	0	0	0	0	0	0	0																									0																								3418	570	140	1519	6	1095	480	Disruptive_Person		0				0			4158	2079	1019	3138	2	1095	1019	4217	2109	1059	3158	2	1055	1059	1		2114		106.31
Recording057	ProVisioNET_study_105_05	Male	Novice	Heckling_fix	1	fullstream	Disruptive_Person	0	0	0	0	0	0	0	0	0	0	0	0	0	0	0	0	0	0	0	0	0	0	0	1	1	0	0	0	0	0	0	0	0	0	0	0	0	0	1	0	0	0	0	0	0	0	0	0																								8159	0														8159										3418	570	140	1519	6	1095	480	Disruptive_Person		0				0			4158	2079	1019	3138	2	1095	1019	4217	2109	1059	3158	2	1055	1059	1		2114		106.31
Recording057	ProVisioNET_study_105_05	Male	Novice	Lesson	1	fullstream	Disruptive_Person	0	0	0	0	0	0	0	1	1	1	1	1	1	1	1	1	1	1	1	1	1	1	1	1	1	0	1	0	0	0	1	1	1	1	1	1	1	1	1	1	1	1	1	1	1	1	1	1								919464	900112	889594	287509	271508	258052	649153	634111	618888	197236	175763	166961	377853	365611	347959	739034	716882	708723		0				468432	450706	438807	899134	270677	633014	174186	364869	716882	449480	530001	807047	557894	532241	528268	829940	807826	799490	34280	979	80	5297	35	168680	1059	Disruptive_Person		0				0			35159	1406	80	5297	25	168680	1059	36119	1445	100	5337	25	168640	1099	7	168640	173557	147.84	207.54
Recording057	ProVisioNET_study_105_05	Male	Novice	Looking_at_phone	1	fullstream	Disruptive_Person	0	0	0	0	0	0	0	0	0	0	0	0	0	0	0	0	0	0	0	0	0	0	0	0	0	0	0	0	0	0	0	0	1	0	0	0	0	0	0	1	0	0	0	0	0	0	0	0																																	0							10673									3218	644	360	1079	5	6909	1079	Disruptive_Person		0				0			3318	3318	3318	3318	1	6909	3318	3358	3358	3358	3358	1	6869	3358	4		10227		235.82
Recording057	ProVisioNET_study_105_05	Male	Novice	Looking_at_phone_fix	1	fullstream	Disruptive_Person	0	0	0	0	0	0	0	0	0	0	0	0	0	0	0	0	0	0	0	0	0	0	0	0	0	0	0	0	0	0	0	1	1	0	0	0	0	0	0	1	0	0	0	0	0	0	0	0																																11899	0							10673									3218	644	360	1079	5	6909	1079	Disruptive_Person		0				0			3318	3318	3318	3318	1	6909	3318	3358	3358	3358	3358	1	6869	3358	4		10227		235.82
Recording057	ProVisioNET_study_105_05	Male	Novice	Snipping_with_fingers	1	fullstream	Disruptive_Person	0	0	0	0	0	0	0	0	0	0	0	0	0	0	0	0	0	0	0	0	0	0	0	0	0	0	0	0	0	0	0	0	0	0	0	0	0	0	0	0	1	0	0	0	1	0	0	0																																									1733				0				3834	3834	3834	3834	1	139	3834	Disruptive_Person	Disruptive_Person	0				0			3834	3834	3834	3834	1	139	3834	3874	3874	3874	3874	1	99	3874	0				
Recording057	ProVisioNET_study_105_05	Male	Novice	Snpping_with_fingers_fix	1	fullstream	Disruptive_Person	0	0	0	0	0	0	0	0	0	0	0	0	0	0	0	0	0	0	0	0	0	0	0	0	0	0	0	0	0	0	0	0	0	0	0	0	0	0	0	0	1	0	0	1	1	0	0	0																																									1733			3973	0				5297	5297	5297	5297	1	139	5297	Disruptive_Person		0				0			5297	5297	5297	5297	1	139	5297	5337	5337	5337	5337	1	99	5337	0				
Recording057	ProVisioNET_study_105_05	Male	Novice	Whispering	1	fullstream	Disruptive_Person	0	0	0	0	0	0	0	0	0	0	0	0	0	0	0	0	0	0	0	0	0	0	0	0	0	0	0	0	0	0	0	0	0	0	0	0	0	0	0	0	0	1	0	0	0	0	0	1																																										7556						0	1339	446	260	600	3	1074	480	Disruptive_Person		0				0			1339	446	260	600	3	1074	480	1399	466	280	620	3	1054	500	0	1054	1553	190.92	185.51
Recording057	ProVisioNET_study_105_05	Male	Novice	Whispering_fix	1	fullstream	Disruptive_Person	0	0	0	0	0	0	0	0	0	0	0	0	0	0	0	0	0	0	0	0	0	0	0	0	0	0	0	0	0	0	0	0	0	0	0	0	0	0	0	0	0	1	0	0	0	0	1	1																																										7556					8336	0	1339	446	260	600	3	1074	480	Disruptive_Person		0				0			1339	446	260	600	3	1074	480	1399	466	280	620	3	1054	500	0	1054	1553	190.92	185.51
Recording057	ProVisioNET_study_105_05	Male	Novice	snapshot_disruptive_person	1	snapshot_disruptive_person	Disruptive_Person	0	0	0	0	0	0	0	0	0	0	0	0	0	0	0	0	0	1	0	0	0	0	0	0	0	0	0	0	0	0	0	0	0	0	0	0	1	0	0	0	0	0	0	0	0	0	0	0																		7083																			5505												3378	1126	620	1699	3	0	1059	Disruptive_Person	Disruptive_Person	0				0			7296	7296	7296	7296	1	0	7296	7296	7296	7296	7296	1	0	7296	3				
Recording057	ProVisioNET_study_105_05	Male	Novice	snapshot_disruptive_person	2	snapshot_disruptive_person	Disruptive_Person	0	0	0	0	0	0	0	0	0	0	0	0	0	0	0	0	0	0	0	0	0	0	0	0	0	0	0	0	0	0	0	0	0	0	0	0	0	0	0	0	0	0	0	0	0	0	0	0																																																	540	540	540	540	1	0	540	Disruptive_Person	Disruptive_Person	0				0			540	540	540	540	1	0	540	540	540	540	540	1	0	540	0				
Recording057	ProVisioNET_study_105_05	Male	Novice	snapshot_disruptive_person	3	snapshot_disruptive_person	Disruptive_Person	0	0	0	0	0	0	0	0	0	0	0	0	0	0	0	0	0	0	0	0	0	0	0	0	0	0	0	0	0	0	0	0	0	0	1	0	0	0	0	0	0	0	0	0	0	0	0	0																																			2915														3238	1079	100	1639	3	0	100	Disruptive_Person	Disruptive_Person	0				0			3658	3658	3658	3658	1	0	3658	3658	3658	3658	3658	1	0	3658	3				
Recording057	ProVisioNET_study_105_05	Male	Novice	snapshot_disruptive_person	4	snapshot_disruptive_person	Disruptive_Person	0	0	0	0	0	0	0	0	0	0	0	0	0	0	0	0	0	0	0	0	0	0	0	0	0	0	0	0	0	0	0	0	0	0	0	0	0	0	0	0	0	0	0	0	0	0	0	0																																																	1059	530	320	740	2	0	320	Disruptive_Person	Disruptive_Person	0				0			2099	2099	2099	2099	1	0	2099	2099	2099	2099	2099	1	0	2099	1				
Recording057	ProVisioNET_study_105_05	Male	Novice	snapshot_disruptive_person	5	snapshot_disruptive_person	Disruptive_Person	0	0	0	0	0	0	0	0	0	0	0	0	0	0	0	0	0	0	0	0	0	0	0	0	0	0	0	0	0	0	0	0	0	0	0	0	0	0	0	0	0	0	0	0	0	0	0	0																																																	440	220	80	360	2	0	80	Disruptive_Person		0				0			700	700	700	700	1	0	700	700	700	700	700	1	0	700	2				
Recording057	ProVisioNET_study_105_05	Male	Novice	snapshot_disruptive_person	6	snapshot_disruptive_person	Disruptive_Person	0	0	0	0	0	0	0	0	0	0	0	0	0	0	0	0	0	0	0	0	1	0	0	0	0	0	0	0	0	0	0	0	0	0	0	0	0	1	0	0	0	0	0	0	0	0	0	0																					2166																	1424											3318	3318	3318	3318	1	0	3318	Disruptive_Person	Disruptive_Person	0				0			3318	3318	3318	3318	1	0	3318	3318	3318	3318	3318	1	0	3318	0				
Recording057	ProVisioNET_study_105_05	Male	Novice	snapshot_disruptive_person	7	snapshot_disruptive_person	Disruptive_Person	0	0	0	0	0	0	0	0	0	0	0	0	0	0	0	0	0	0	0	0	0	0	0	0	0	0	0	0	0	0	0	0	0	0	0	0	0	0	0	0	0	0	0	0	0	0	0	0																																																	3218	644	360	1079	5	0	1079	Disruptive_Person	Disruptive_Person	0				0			3318	3318	3318	3318	1	0	3318	3318	3318	3318	3318	1	0	3318	4				
Recording057	ProVisioNET_study_105_05	Male	Novice	snapshot_disruptive_person	8	snapshot_disruptive_person	Disruptive_Person	0	0	0	0	0	0	0	0	0	0	0	0	0	0	0	0	0	0	0	0	0	0	0	0	0	0	0	0	0	0	0	0	0	0	0	0	0	0	0	0	1	0	0	1	0	0	0	0																																									1594			3834					5297	5297	5297	5297	1	0	5297	Disruptive_Person	Disruptive_Person	0				0			5297	5297	5297	5297	1	0	5297	5297	5297	5297	5297	1	0	5297	0				
Recording057	ProVisioNET_study_105_05	Male	Novice	snapshot_disruptive_person	9	snapshot_disruptive_person	Disruptive_Person	0	0	0	0	0	0	0	0	0	0	0	0	0	0	0	1	0	0	0	0	0	0	0	0	0	0	0	0	0	0	0	0	0	0	0	0	0	0	0	0	0	0	0	0	0	0	0	0																75																																	2039	1019	959	1079	2	0	1079	Disruptive_Person	Disruptive_Person	0				0			3738	3738	3738	3738	1	0	3738	3738	3738	3738	3738	1	0	3738	1				
Recording057	ProVisioNET_study_105_05	Male	Novice	snapshot_disruptive_person	10	snapshot_disruptive_person	Disruptive_Person	0	0	0	0	0	0	0	0	0	0	0	0	0	0	0	0	0	0	0	0	0	0	0	0	0	0	0	0	0	0	0	0	0	0	0	0	0	0	0	0	0	0	0	0	0	0	0	0																																																	180	180	180	180	1	0	180	Disruptive_Person	Disruptive_Person	0				0			180	180	180	180	1	0	180	180	180	180	180	1	0	180	0				
Recording057	ProVisioNET_study_105_05	Male	Novice	snapshot_disruptive_person	11	snapshot_disruptive_person	Disruptive_Person	0	0	0	0	0	0	0	0	0	0	0	0	0	0	0	0	0	0	0	0	0	0	0	0	0	0	0	0	0	0	0	0	0	0	0	0	0	0	0	0	0	0	0	0	0	0	0	0																																																	3418	570	140	1519	6	0	480	Disruptive_Person	Disruptive_Person	0				0			5357	5357	5357	5357	1	0	5357	5357	5357	5357	5357	1	0	5357	2				
Recording057	ProVisioNET_study_105_05	Male	Novice	snapshot_disruptive_person	12	snapshot_disruptive_person	Disruptive_Person	0	0	0	0	0	0	0	0	0	0	0	0	0	0	0	0	0	0	0	0	0	0	0	0	0	0	0	0	0	0	0	0	0	0	0	0	0	0	0	0	0	0	0	0	0	0	0	0																																																	1339	446	260	600	3	0	480	Disruptive_Person	Disruptive_Person	0				0			3138	3138	3138	3138	1	0	3138	3138	3138	3138	3138	1	0	3138	4				
Recording057	ProVisioNET_study_105_05	Male	Novice	snapshot_disruptive_person	13	snapshot_disruptive_person	Disruptive_Person	0	0	0	0	0	0	0	0	0	1	0	0	0	0	0	0	0	0	0	0	0	0	0	0	0	0	0	0	0	0	0	0	0	1	0	0	0	0	0	0	0	0	0	0	0	0	0	0										63																								9604															6816	1363	220	2858	5	0	320	Disruptive_Person		0				0			10354	10354	10354	10354	1	0	10354	10354	10354	10354	10354	1	0	10354	5				
Recording057	ProVisioNET_study_105_05	Male	Novice	Entire Recording	1	fullstream	Disruptive_Person	0	1	1	1	1	1	1	1	1	1	1	1	1	1	1	1	1	1	1	1	1	1	1	1	1	1	1	0	1	1	1	1	1	1	1	1	1	1	1	1	1	1	1	1	1	1	1	1		629471	624385	599585	1786541	1781663	1756614	1551084	1531732	1521214	919129	903129	889672	1280773	1265731	1250508	828856	807383	798581	1009473	997231	979579	1370654	1348502	1340344	1695043	631620		1849758	1844288	1100052	1082327	1070428	1530755	902297	1264635	805806	996489	1348502	1081100	1161621	1438667	1189514	1163861	1159888	1461560	1439446	1431111	34280	979	80	5297	35	800300	1059	Disruptive_Person		0				0			35159	1406	80	5297	25	800300	1059	36119	1445	100	5337	25	800261	1099	7	800261	805178	147.84	207.54
Recording058	ProVisioNET_study_106_06	Male	Novice	Chatting_with_neighbour	1	fullstream	Disruptive_Person	0	0	0	0	0	0	0	0	0	1	0	0	0	0	0	0	0	0	0	0	0	0	0	0	0	0	0	0	0	0	0	0	0	1	0	0	0	0	0	0	0	0	0	0	0	0	0	0										0																								8719															3421	380	100	1759	9	334	200	Disruptive_Person	Disruptive_Person	0				0			3901	1950	943	2958	2	334	2958	3901	1950	943	2958	2	334	2958	3				
Recording058	ProVisioNET_study_106_06	Male	Novice	Chatting_with_neighbour_fix	1	fullstream	Disruptive_Person	0	0	0	0	0	0	0	0	1	1	0	0	0	0	0	0	0	0	0	0	0	0	0	0	0	0	0	0	0	0	0	0	0	1	0	0	0	0	0	0	0	0	0	0	0	0	0	0									9632	0																								8719															3558	395	100	1759	9	334	200	Disruptive_Person		0				0			4038	2019	1079	2958	2	334	2958	4038	2019	1079	2958	2	334	2958	3		9768		456.27
Recording058	ProVisioNET_study_106_06	Male	Novice	Clicking_pen	1	fullstream	Disruptive_Person	0	0	0	0	0	0	0	0	0	0	0	0	1	0	0	0	0	0	0	0	0	0	0	0	0	0	0	0	0	0	0	0	0	0	1	0	0	0	0	0	0	0	0	0	0	0	0	0													0																						24035														1232	411	80	620	3	1431	80	Disruptive_Person	Disruptive_Person	0				0			1232	411	80	620	3	1431	80	1352	451	180	620	3	1331	180	0				
Recording058	ProVisioNET_study_106_06	Male	Novice	Clicking_pen_fix	1	fullstream	Disruptive_Person	0	0	0	0	0	0	0	0	0	0	0	1	1	0	0	0	0	0	0	0	0	0	0	0	0	0	0	0	0	0	0	0	0	0	1	0	0	0	0	0	0	0	0	0	0	0	0	0												25888	0																						24035														2079	693	80	1379	3	1431	80	Disruptive_Person		0				0			2079	693	80	1379	3	1431	80	2199	733	180	1399	3	1331	180	0				
Recording058	ProVisioNET_study_106_06	Male	Novice	Drawing	1	fullstream	Disruptive_Person	0	0	0	0	0	0	0	0	0	0	0	0	0	0	0	1	0	0	0	0	0	0	0	0	0	0	0	0	0	0	0	0	0	0	0	0	0	0	0	0	0	0	0	0	0	0	0	0																0																																	360	180	160	200	2	13422	160	Disruptive_Person		0				0			360	180	160	200	2	13422	160	500	250	220	280	2	13362	220	0	13362	19738	527.45	355.77
Recording058	ProVisioNET_study_106_06	Male	Novice	Drawing_fix	1	fullstream	Disruptive_Person	0	0	0	0	0	0	0	0	0	0	0	0	0	0	0	1	0	0	0	0	0	0	0	0	0	0	0	0	0	0	0	0	0	0	0	0	0	0	0	0	0	0	0	0	0	0	0	0																0																																	360	180	160	200	2	13422	160	Disruptive_Person		0				0			360	180	160	200	2	13422	160	500	250	220	280	2	13362	220	0	13362	19738	527.45	355.77
Recording058	ProVisioNET_study_106_06	Male	Novice	Drumming_with_hands	1	fullstream	Disruptive_Person	0	0	0	0	0	0	0	0	0	0	0	0	0	0	0	0	0	0	1	0	0	0	0	0	0	0	0	0	0	0	0	0	0	0	0	0	0	0	0	0	0	0	0	0	0	0	0	0																			0																														6706	610	140	1639	11	0	510	Disruptive_Person		0				0			8865	2216	320	4287	4	0	4287	8965	2241	320	4287	4	0	4287	4	15141	4287	363.21	356.03
Recording058	ProVisioNET_study_106_06	Male	Novice	Drumming_with_hands_fix	1	fullstream	Disruptive_Person	0	0	0	0	0	0	0	0	0	0	0	0	0	0	0	0	0	0	1	0	0	0	0	0	0	0	0	0	0	0	0	0	0	0	0	0	0	0	0	0	0	0	0	0	0	0	0	0																			0																														6706	610	140	1639	11	0	510	Disruptive_Person		0				0			8865	2216	320	4287	4	0	4287	8965	2241	320	4287	4	0	4287	4	15141	4287	363.21	356.03
Recording058	ProVisioNET_study_106_06	Male	Novice	Head_on_table	1	fullstream	Disruptive_Person	0	0	0	0	0	0	0	0	0	0	0	0	0	0	0	0	0	0	0	0	0	1	0	0	0	0	0	0	0	0	0	0	0	0	0	0	0	1	0	0	0	0	0	0	0	0	0	0																						0																2232											640	320	180	460	2	435	180	Disruptive_Person		0				0			640	320	180	460	2	435	180	700	350	240	460	2	375	240	0	375	615	449.01	503.03
Recording058	ProVisioNET_study_106_06	Male	Novice	Head_on_table_fix	1	fullstream	Disruptive_Person	0	0	0	0	0	0	0	0	0	0	0	0	0	0	0	0	0	0	0	0	1	1	0	0	0	0	0	0	0	0	0	0	0	0	0	0	0	1	0	0	0	0	0	0	0	0	0	0																					3828	0																2232											640	320	180	460	2	435	180	Disruptive_Person		0				0			640	320	180	460	2	435	180	700	350	240	460	2	375	240	0	375	615	449.01	503.03
Recording058	ProVisioNET_study_106_06	Male	Novice	Heckling	1	fullstream	Disruptive_Person	0	0	0	0	0	0	0	0	0	0	0	0	0	0	0	0	0	0	0	0	0	0	0	0	1	0	0	0	0	0	0	0	0	0	0	0	0	0	0	0	0	0	0	0	0	0	0	0																									0																								1931	644	314	1059	3	0	558	Disruptive_Person	Disruptive_Person	0				0			2031	2031	2031	2031	1	0	2031	2031	2031	2031	2031	1	0	2031	0				
Recording058	ProVisioNET_study_106_06	Male	Novice	Heckling_fix	1	fullstream	Disruptive_Person	0	0	0	0	0	0	0	0	0	0	0	0	0	0	0	0	0	0	0	0	0	0	0	1	1	0	0	0	0	0	0	0	0	0	0	0	0	0	1	0	0	0	0	0	0	0	0	0																								2031	0														2031										2177	726	558	1059	3	0	558	Disruptive_Person		0				0			2277	2277	2277	2277	1	0	2277	2277	2277	2277	2277	1	0	2277	0				
Recording058	ProVisioNET_study_106_06	Male	Novice	Lesson	1	fullstream	Disruptive_Person	0	1	0	0	0	0	0	1	1	1	1	1	1	1	1	1	1	1	1	1	1	1	1	1	1	0	1	0	0	0	1	1	1	1	1	1	0	1	1	1	1	1	1	1	1	1	1	1		8416						916477	896108	886477	196140	192481	166593	467269	467269	438731	376092	376092	345667	556745	530821	526993	827052	798918	796887		0				286415	264785	256728	895196	190628	469355		529225	798918	263277	707117	620969	736672	708010	706746	646477	621897	617849	21867	625	80	2119	35	168024	80	Disruptive_Person		0				0			25425	1496	80	4797	17	168024	80	26084	1534	180	4817	17	167924	180	7	345138	349955	117.24	356.03
Recording058	ProVisioNET_study_106_06	Male	Novice	Looking_at_phone	1	fullstream	Disruptive_Person	0	0	0	0	0	0	0	0	0	0	0	0	0	0	0	0	0	0	0	0	0	0	0	0	0	0	0	0	0	0	0	0	1	0	0	0	0	0	0	1	0	0	0	0	0	0	0	0																																	0							6549									2059	1029	200	1859	2	4679	200	Disruptive_Person		0				0			2459	2459	2459	2459	1	4679	2459	2538	2538	2538	2538	1	4600	2538	0				
Recording058	ProVisioNET_study_106_06	Male	Novice	Looking_at_phone_fix	1	fullstream	Disruptive_Person	0	0	0	0	0	0	0	0	0	0	0	0	0	0	0	0	0	0	0	0	0	0	0	0	0	0	0	0	0	0	0	1	1	0	0	0	0	0	0	1	0	0	0	0	0	0	0	0																																8057	0							6549									2059	1029	200	1859	2	4679	200	Disruptive_Person		0				0			2459	2459	2459	2459	1	4679	2459	2538	2538	2538	2538	1	4600	2538	0				
Recording058	ProVisioNET_study_106_06	Male	Novice	Snipping_with_fingers	1	fullstream	Disruptive_Person	0	0	0	0	0	0	0	0	0	0	0	0	0	0	0	0	0	0	0	0	0	0	0	0	0	0	0	0	0	0	0	0	0	0	0	0	0	0	0	0	1	0	0	0	1	0	0	0																																									372				0				494	494	494	494	1	0	494	Disruptive_Person		0				0			494	494	494	494	1	0	494	494	494	494	494	1	0	494	0				
Recording058	ProVisioNET_study_106_06	Male	Novice	Snpping_with_fingers_fix	1	fullstream	Disruptive_Person	0	0	0	0	0	0	0	0	0	0	0	0	0	0	0	0	0	0	0	0	0	0	0	0	0	0	0	0	0	0	0	0	0	0	0	0	0	0	0	0	1	0	0	1	1	0	0	0																																									372			1264	0				494	494	494	494	1	0	494	Disruptive_Person		0				0			494	494	494	494	1	0	494	494	494	494	494	1	0	494	0				
Recording058	ProVisioNET_study_106_06	Male	Novice	Whispering	1	fullstream	Disruptive_Person	0	0	0	0	0	0	0	0	0	0	0	0	0	0	0	0	0	0	0	0	0	0	0	0	0	0	0	0	0	0	0	0	0	0	0	0	0	0	0	0	0	1	0	0	0	0	0	1																																										3120						0	2459	1229	340	2119	2	64	2119	Disruptive_Person		0				0			2878	2878	2878	2878	1	64	2878	2938	2938	2938	2938	1	4	2938	0				
Recording058	ProVisioNET_study_106_06	Male	Novice	Whispering_fix	1	fullstream	Disruptive_Person	0	0	0	0	0	0	0	0	0	0	0	0	0	0	0	0	0	0	0	0	0	0	0	0	0	0	0	0	0	0	0	0	0	0	0	0	0	0	0	0	0	1	0	0	0	0	1	1																																										3120					4048	0	2459	1229	340	2119	2	64	2119	Disruptive_Person		0				0			2878	2878	2878	2878	1	64	2878	2938	2938	2938	2938	1	4	2938	0				
Recording058	ProVisioNET_study_106_06	Male	Novice	snapshot_disruptive_person	1	snapshot_disruptive_person	Disruptive_Person	0	0	0	0	0	0	0	0	0	0	0	0	0	0	0	0	0	0	0	0	0	0	0	0	0	0	0	0	0	0	0	0	0	0	0	0	0	0	0	0	0	0	0	0	0	0	0	0																																																	80	80	80	80	1	0	80	Disruptive_Person	Disruptive_Person	0				0			80	80	80	80	1	0	80	80	80	80	80	1	0	80	0				
Recording058	ProVisioNET_study_106_06	Male	Novice	snapshot_disruptive_person	2	snapshot_disruptive_person	Disruptive_Person	0	0	0	0	0	0	0	0	0	0	0	1	0	0	0	0	0	0	0	0	0	0	0	0	0	0	0	0	0	0	0	0	0	0	1	0	0	0	0	0	0	0	0	0	0	0	0	0												2411																							558														1999	999	620	1379	2	0	620	Disruptive_Person	Disruptive_Person	0				0			3258	3258	3258	3258	1	0	3258	3258	3258	3258	3258	1	0	3258	0				
Recording058	ProVisioNET_study_106_06	Male	Novice	snapshot_disruptive_person	3	snapshot_disruptive_person	Disruptive_Person	0	0	0	0	0	0	0	0	0	0	0	0	0	0	0	0	0	0	0	0	0	0	0	0	0	0	0	0	0	0	0	0	0	0	0	0	0	0	0	1	0	0	0	0	0	0	0	0																																								1869									2059	1029	200	1859	2	0	200	Disruptive_Person	Disruptive_Person	0				0			2459	2459	2459	2459	1	0	2459	2459	2459	2459	2459	1	0	2459	0				
Recording058	ProVisioNET_study_106_06	Male	Novice	snapshot_disruptive_person	4	snapshot_disruptive_person	Disruptive_Person	0	0	0	0	0	0	0	0	0	0	0	0	0	0	0	0	0	0	1	0	0	0	0	0	0	0	0	0	0	0	0	0	0	0	0	0	0	0	0	0	0	0	0	0	0	0	0	0																			510																														3958	565	140	1479	7	0	1019	Disruptive_Person	Disruptive_Person	0				0			7076	7076	7076	7076	1	0	7076	7076	7076	7076	7076	1	0	7076	4				
Recording058	ProVisioNET_study_106_06	Male	Novice	snapshot_disruptive_person	5	snapshot_disruptive_person	Disruptive_Person	0	0	0	0	0	0	0	0	0	0	0	0	0	0	0	0	0	0	0	0	0	0	0	0	0	0	0	0	0	0	0	0	0	0	0	0	0	0	0	0	0	0	0	0	0	0	0	0																																																	1639	1639	1639	1639	1	0	1639	Disruptive_Person	Disruptive_Person	0				0			1639	1639	1639	1639	1	0	1639	1639	1639	1639	1639	1	0	1639	0				
Recording058	ProVisioNET_study_106_06	Male	Novice	snapshot_disruptive_person	6	snapshot_disruptive_person	Disruptive_Person	0	0	0	0	0	0	0	0	0	0	0	0	0	0	0	0	0	0	0	0	0	0	0	0	0	0	0	0	0	0	0	0	0	0	0	0	0	0	0	0	0	0	0	0	0	0	0	0																																																	1619	540	180	760	3	0	760	Disruptive_Person	Disruptive_Person	0				0			2618	2618	2618	2618	1	0	2618	2618	2618	2618	2618	1	0	2618	1				
Recording058	ProVisioNET_study_106_06	Male	Novice	snapshot_disruptive_person	7	snapshot_disruptive_person	Disruptive_Person	0	0	0	0	0	0	0	0	0	0	0	0	0	0	0	0	0	0	0	0	0	0	0	0	0	0	0	0	0	0	0	0	0	0	0	0	0	0	0	0	0	0	0	0	0	0	0	0																																																	160	160	160	160	1	0	160	Disruptive_Person	Disruptive_Person	0				0			160	160	160	160	1	0	160	160	160	160	160	1	0	160	0				
Recording058	ProVisioNET_study_106_06	Male	Novice	snapshot_disruptive_person	8	snapshot_disruptive_person	Disruptive_Person	0	0	0	0	0	0	0	0	0	0	0	0	0	0	0	0	0	0	0	0	0	0	0	0	0	0	0	0	0	0	0	0	0	0	0	0	0	0	0	0	0	0	0	0	0	0	0	0																																																	200	200	200	200	1	0	200	Disruptive_Person	Disruptive_Person	0				0			200	200	200	200	1	0	200	200	200	200	200	1	0	200	0				
Recording058	ProVisioNET_study_106_06	Male	Novice	snapshot_disruptive_person	9	snapshot_disruptive_person	Disruptive_Person	0	0	0	0	0	0	0	0	0	0	0	0	0	0	0	0	0	0	0	0	0	0	0	0	0	0	0	0	0	0	0	0	0	0	0	0	0	1	0	0	0	0	0	0	0	0	0	0																																						1797											640	320	180	460	2	0	180	Disruptive_Person	Disruptive_Person	0				0			2798	2798	2798	2798	1	0	2798	2798	2798	2798	2798	1	0	2798	2				
Recording058	ProVisioNET_study_106_06	Male	Novice	snapshot_disruptive_person	10	snapshot_disruptive_person	Disruptive_Person	0	0	0	0	0	0	0	0	0	0	0	0	0	0	0	0	0	0	0	0	0	0	0	0	0	0	0	0	0	0	0	0	0	0	0	0	0	0	0	0	0	0	0	0	0	0	0	0																																																	2459	1229	340	2119	2	0	2119	Disruptive_Person	Disruptive_Person	0				0			2878	2878	2878	2878	1	0	2878	2878	2878	2878	2878	1	0	2878	0				
Recording058	ProVisioNET_study_106_06	Male	Novice	snapshot_disruptive_person	11	snapshot_disruptive_person	Disruptive_Person	0	0	0	0	0	0	0	0	0	0	0	0	0	0	0	0	0	0	0	0	0	0	0	0	0	0	0	0	0	0	0	0	0	0	0	0	0	0	0	0	1	0	0	0	1	0	0	0																																									778				406				899	899	899	899	1	0	899	Disruptive_Person	Disruptive_Person	0				0			899	899	899	899	1	0	899	899	899	899	899	1	0	899	0				
Recording058	ProVisioNET_study_106_06	Male	Novice	snapshot_disruptive_person	12	snapshot_disruptive_person	Disruptive_Person	0	0	0	0	0	0	0	0	0	0	0	0	0	0	0	0	0	0	0	0	0	0	0	1	1	0	0	0	0	0	0	0	0	0	0	0	0	0	1	0	0	0	0	0	0	0	0	0																								2452	421														2452										2598	866	560	1059	3	0	979	Disruptive_Person	Disruptive_Person	0				0			2698	2698	2698	2698	1	0	2698	2698	2698	2698	2698	1	0	2698	0				
Recording058	ProVisioNET_study_106_06	Male	Novice	snapshot_disruptive_person	13	snapshot_disruptive_person	Disruptive_Person	0	0	0	0	0	0	0	0	0	0	0	0	0	0	0	0	0	0	0	0	0	0	0	0	0	0	0	0	0	0	0	0	0	0	0	0	0	0	0	0	0	0	0	0	0	0	0	0																																																	2618	524	120	1759	5	0	200	Disruptive_Person	Disruptive_Person	0				0			2958	2958	2958	2958	1	0	2958	2958	2958	2958	2958	1	0	2958	1				
Recording058	ProVisioNET_study_106_06	Male	Novice	snapshot_disruptive_person	14	snapshot_disruptive_person	Disruptive_Person	0	0	0	0	0	0	0	0	1	0	0	0	0	0	0	0	0	0	0	0	0	0	0	0	0	0	0	0	0	0	0	0	0	1	0	0	0	0	0	0	0	0	0	0	0	0	0	0									943																									30															939	235	100	560	4	0	120	Disruptive_Person	Disruptive_Person	0				0			1079	1079	1079	1079	1	0	1079	1079	1079	1079	1079	1	0	1079	2				
Recording058	ProVisioNET_study_106_06	Male	Novice	Entire Recording	1	fullstream	Disruptive_Person	0	1	1	1	0	1	1	1	1	1	1	1	1	1	1	1	1	1	1	1	1	1	1	1	1	1	1	0	1	1	1	1	1	1	1	1	0	1	1	1	1	1	1	1	1	1	1	1		578323	566088	548694		1710473	1695544	1486385	1466016	1456385	766048	762389	736501	1037176	1037176	1008639	946000	946000	915575	1126653	1100729	1096901	1396960	1368826	1366794	1613392	569908		1785611	1783045	856323	834693	826636	1465103	760536	1039263		1099133	1368826	833185	1277025	1190877	1306579	1277918	1276654	1216385	1191805	1187757	21867	625	80	2119	35	737931	80	Disruptive_Person		0				0			25425	1496	80	4797	17	737931	80	26084	1534	180	4817	17	737831	180	7	915045	919862	117.24	356.03
Recording061	ProVisioNET_study_107_07	Female	Novice	Chatting_with_neighbour	1	fullstream	Disruptive_Person	0	0	0	0	0	0	0	0	0	1	0	0	0	0	0	0	0	0	0	0	0	0	0	0	0	0	0	0	0	0	0	0	0	1	0	0	0	0	0	0	0	0	0	0	0	0	0	0										0																								2067															820	273	180	400	3	720	180	Disruptive_Person		0				0			840	420	180	660	2	720	180	959	480	220	740	2	680	220	1	680	900	389.19	436.78
Recording061	ProVisioNET_study_107_07	Female	Novice	Chatting_with_neighbour_fix	1	fullstream	Disruptive_Person	0	0	0	0	0	0	0	0	1	1	0	0	0	0	0	0	0	0	0	0	0	0	0	0	0	0	0	0	0	0	0	0	0	1	0	0	0	0	0	0	0	0	0	0	0	0	0	0									2998	0																								2067															820	273	180	400	3	720	180	Disruptive_Person		0				0			840	420	180	660	2	720	180	959	480	220	740	2	680	220	1	680	900	389.19	436.78
Recording061	ProVisioNET_study_107_07	Female	Novice	Clicking_pen	1	fullstream	Disruptive_Person	0	0	0	0	0	0	0	0	0	0	0	0	1	0	0	0	0	0	0	0	0	0	0	0	0	0	0	0	0	0	0	0	0	0	1	0	0	0	0	0	0	0	0	0	0	0	0	0													0																						5906														3578	447	180	959	8	107	959	Disruptive_Person		0				0			3718	744	220	1139	5	107	959	3938	788	240	1179	5	47	1019	2	47	1066	397.18	231.98
Recording061	ProVisioNET_study_107_07	Female	Novice	Clicking_pen_fix	1	fullstream	Disruptive_Person	0	0	0	0	0	0	0	0	0	0	0	1	1	0	0	0	0	0	0	0	0	0	0	0	0	0	0	0	0	0	0	0	0	0	1	0	0	0	0	0	0	0	0	0	0	0	0	0												6766	0																						5906														3578	447	180	959	8	107	959	Disruptive_Person		0				0			3718	744	220	1139	5	107	959	3938	788	240	1179	5	47	1019	2	47	1066	397.18	231.98
Recording061	ProVisioNET_study_107_07	Female	Novice	Drawing	1	fullstream	Disruptive_Person	0	0	0	0	0	0	0	0	0	0	0	0	0	0	0	1	0	0	0	0	0	0	0	0	0	0	0	0	0	0	0	0	0	0	0	1	0	0	0	0	0	0	0	0	0	0	0	0																0																				4313													3138	1046	100	2838	3	2922	100	Disruptive_Person		0				0			3138	1046	100	2838	3	2922	100	3218	1073	100	2878	3	2922	100	0	4301	3021	152.04	376.45
Recording061	ProVisioNET_study_107_07	Female	Novice	Drawing_fix	1	fullstream	Disruptive_Person	0	0	0	0	0	0	0	0	0	0	0	0	0	0	1	1	0	0	0	0	0	0	0	0	0	0	0	0	0	0	0	0	0	0	0	1	0	0	0	0	0	0	0	0	0	0	0	0															9044	0																				4313													3138	1046	100	2838	3	2922	100	Disruptive_Person		0				0			3138	1046	100	2838	3	2922	100	3218	1073	100	2878	3	2922	100	0	4301	3021	152.04	376.45
Recording061	ProVisioNET_study_107_07	Female	Novice	Drumming_with_hands	1	fullstream	Disruptive_Person	0	0	0	0	0	0	0	0	0	0	0	0	0	0	0	0	0	0	1	0	0	0	0	0	0	0	0	0	0	0	0	0	0	0	0	0	1	0	0	0	0	0	0	0	0	0	0	0																			0																		4335												1599	400	260	620	4	1339	400	Disruptive_Person		0				0			1639	546	400	620	3	1339	400	1779	593	460	660	3	1279	460	1	1279	1739	386.36	180.24
Recording061	ProVisioNET_study_107_07	Female	Novice	Drumming_with_hands_fix	1	fullstream	Disruptive_Person	0	0	0	0	0	0	0	0	0	0	0	0	0	0	0	0	0	1	1	0	0	0	0	0	0	0	0	0	0	0	0	0	0	0	0	0	1	0	0	0	0	0	0	0	0	0	0	0																		5246	0																		4335												1599	400	260	620	4	1339	400	Disruptive_Person		0				0			1639	546	400	620	3	1339	400	1779	593	460	660	3	1279	460	1	1279	1739	386.36	180.24
Recording061	ProVisioNET_study_107_07	Female	Novice	Head_on_table	1	fullstream	Disruptive_Person	0	0	0	0	0	0	0	0	0	0	0	0	0	0	0	0	0	0	0	0	0	1	0	0	0	0	0	0	0	0	0	0	0	0	0	0	0	1	0	0	0	0	0	0	0	0	0	0																						0																2250											35	35	35	35	1	0	35	Disruptive_Person		0				0			35	35	35	35	1	0	35	35	35	35	35	1	0	35	0		35		173
Recording061	ProVisioNET_study_107_07	Female	Novice	Head_on_table_fix	1	fullstream	Disruptive_Person	0	0	0	0	0	0	0	0	0	0	0	0	0	0	0	0	0	0	0	0	1	1	0	0	0	0	0	0	0	0	0	0	0	0	0	0	0	1	0	0	0	0	0	0	0	0	0	0																					3380	0																2250											35	35	35	35	1	0	35	Disruptive_Person		0				0			35	35	35	35	1	0	35	35	35	35	35	1	0	35	0		35		173
Recording061	ProVisioNET_study_107_07	Female	Novice	Heckling	1	fullstream	Disruptive_Person	0	0	0	0	0	0	0	0	0	0	0	0	0	0	0	0	0	0	0	0	0	0	0	0	1	0	0	0	0	0	0	0	0	0	0	0	0	0	1	0	0	0	0	0	0	0	0	0																									0														2680										1229	410	190	660	3	933	380	Disruptive_Person	Disruptive_Person	0				0			1229	410	190	660	3	933	380	1329	443	230	700	3	913	400	0	1513	1313	274.55	270.67
Recording061	ProVisioNET_study_107_07	Female	Novice	Heckling_fix	1	fullstream	Disruptive_Person	0	0	0	0	0	0	0	0	0	0	0	0	0	0	0	0	0	0	0	0	0	0	0	1	1	0	0	0	0	0	0	0	0	0	0	0	0	0	1	0	0	0	0	0	0	0	0	0																								3022	0														2680										1419	473	380	660	3	933	380	Disruptive_Person		0				0			1419	473	380	660	3	933	380	1519	506	400	700	3	913	400	0	1513	1313	274.55	270.67
Recording061	ProVisioNET_study_107_07	Female	Novice	Lesson	1	fullstream	Disruptive_Person	0	1	0	0	0	0	0	1	1	1	1	1	1	1	1	1	1	1	1	1	1	1	1	1	1	0	1	0	0	0	1	1	1	1	1	1	1	1	1	1	1	1	1	1	1	1	1	1		4205						920584	893823	890824	380251	357203	350437	290254	269578	260534	560584	535904	530658	743408	716296	712915	649824	623473	620452		0				203282	200404	173383	892892	356343	264847	534993	715165	623132	199282	802110	448804	829868	802867	800407	470903	450405	440611	15231	448	100	2838	34	175886	140	Disruptive_Person		0				0			16550	662	100	2838	25	175886	140	17570	703	100	2878	25	175846	180	5	175846	180004	258.68	341.97
Recording061	ProVisioNET_study_107_07	Female	Novice	Looking_at_phone	1	fullstream	Disruptive_Person	0	0	0	0	0	0	0	0	0	0	0	0	0	0	0	0	0	0	0	0	0	0	0	0	0	0	0	0	0	0	0	0	1	0	0	0	0	0	0	1	0	0	0	0	0	0	0	0																																	0							25899									2079	416	140	1259	5	2504	140	Disruptive_Person		0				0			2079	416	140	1259	5	2504	140	2339	468	180	1299	5	2464	180	0	2464	6621	258.68	341.97
Recording061	ProVisioNET_study_107_07	Female	Novice	Looking_at_phone_fix	1	fullstream	Disruptive_Person	0	0	0	0	0	0	0	0	0	0	0	0	0	0	0	0	0	0	0	0	0	0	0	0	0	0	0	0	0	0	0	1	1	0	0	0	0	0	0	1	0	0	0	0	0	0	0	0																																27022	0							25899									2079	416	140	1259	5	2504	140	Disruptive_Person		0				0			2079	416	140	1259	5	2504	140	2339	468	180	1299	5	2464	180	0	2464	6621	258.68	341.97
Recording061	ProVisioNET_study_107_07	Female	Novice	Snipping_with_fingers	1	fullstream	Disruptive_Person	0	0	0	0	0	0	0	0	0	0	0	0	0	0	0	0	0	0	0	0	0	0	0	0	0	0	0	0	0	0	0	0	0	0	0	0	0	0	0	0	1	0	0	0	1	0	0	0																																									1703				0				1039	520	160	879	2	591	879	Disruptive_Person		0				0			1419	1419	1419	1419	1	591	1419	1439	1439	1439	1439	1	571	1439	0	571		388.63	
Recording061	ProVisioNET_study_107_07	Female	Novice	Snpping_with_fingers_fix	1	fullstream	Disruptive_Person	0	0	0	0	0	0	0	0	0	0	0	0	0	0	0	0	0	0	0	0	0	0	0	0	0	0	0	0	0	0	0	0	0	0	0	0	0	0	0	0	1	0	0	1	1	0	0	0																																									1703			2460	0				1039	520	160	879	2	591	879	Disruptive_Person		0				0			1419	1419	1419	1419	1	591	1419	1439	1439	1439	1439	1	571	1439	0	571		388.63	
Recording061	ProVisioNET_study_107_07	Female	Novice	Whispering	1	fullstream	Disruptive_Person	0	0	0	0	0	0	0	0	0	0	0	0	0	0	0	0	0	0	0	0	0	0	0	0	0	0	0	0	0	0	0	0	0	0	0	0	0	0	0	0	0	1	0	0	0	0	0	1																																										8193						0	1439	288	100	560	5	5657	560	Disruptive_Person		0				0			2179	1089	560	1619	2	5657	560	2239	1119	600	1639	2	5617	600	1	5617	6216	230.21	282.2
Recording061	ProVisioNET_study_107_07	Female	Novice	Whispering_fix	1	fullstream	Disruptive_Person	0	0	0	0	0	0	0	0	0	0	0	0	0	0	0	0	0	0	0	0	0	0	0	0	0	0	0	0	0	0	0	0	0	0	0	0	0	0	0	0	0	1	0	0	0	0	1	1																																										8193					9794	0	1439	288	100	560	5	5657	560	Disruptive_Person		0				0			2179	1089	560	1619	2	5657	560	2239	1119	600	1639	2	5617	600	1	5617	6216	230.21	282.2
Recording061	ProVisioNET_study_107_07	Female	Novice	snapshot_disruptive_person	1	snapshot_disruptive_person	Disruptive_Person	0	0	0	0	0	0	0	0	0	0	0	0	0	0	0	0	0	0	0	0	0	0	0	0	0	0	0	0	0	0	0	0	0	0	0	0	0	0	0	0	0	0	0	0	0	0	0	0																																																	540	180	140	240	3	0	140	Disruptive_Person	Disruptive_Person	0				0			7256	7256	7256	7256	1	0	7256	7256	7256	7256	7256	1	0	7256	13				
Recording061	ProVisioNET_study_107_07	Female	Novice	snapshot_disruptive_person	2	snapshot_disruptive_person	Disruptive_Person	0	0	0	0	0	0	0	0	0	0	0	0	0	0	0	0	0	0	0	0	0	0	0	0	0	0	0	0	0	0	0	0	0	0	0	0	0	0	0	1	0	0	0	0	0	0	0	0																																								1028									1539	770	280	1259	2	0	280	Disruptive_Person	Disruptive_Person	0				0			1799	1799	1799	1799	1	0	1799	1799	1799	1799	1799	1	0	1799	2				
Recording061	ProVisioNET_study_107_07	Female	Novice	snapshot_disruptive_person	3	snapshot_disruptive_person	Disruptive_Person	0	0	0	0	0	0	0	0	0	0	0	0	0	0	0	0	0	0	0	0	0	0	0	0	0	0	0	0	0	0	0	0	0	0	0	1	0	0	0	0	0	0	0	0	0	0	0	0																																				1392													3138	1046	100	2838	3	0	100	Disruptive_Person	Disruptive_Person	0				0			5357	5357	5357	5357	1	0	5357	5357	5357	5357	5357	1	0	5357	5				
Recording061	ProVisioNET_study_107_07	Female	Novice	snapshot_disruptive_person	4	snapshot_disruptive_person	Disruptive_Person	0	0	0	0	0	0	0	0	0	0	0	0	0	0	0	0	0	0	0	0	0	0	0	0	0	0	0	0	0	0	0	0	0	0	1	0	0	0	0	0	0	0	0	0	0	0	0	0																																			5799														3578	447	180	959	8	0	959	Disruptive_Person	Disruptive_Person	0				0			6476	6476	6476	6476	1	0	6476	6476	6476	6476	6476	1	0	6476	12				
Recording061	ProVisioNET_study_107_07	Female	Novice	snapshot_disruptive_person	5	snapshot_disruptive_person	Disruptive_Person	0	0	0	0	0	0	0	0	0	0	0	0	0	0	0	0	0	0	0	0	0	0	0	0	0	0	0	0	0	0	0	0	0	0	0	0	0	0	0	0	0	1	0	0	0	0	0	0																																										2536							1439	288	100	560	5	0	560	Disruptive_Person	Disruptive_Person	0				0			3438	3438	3438	3438	1	0	3438	3438	3438	3438	3438	1	0	3438	2				
Recording061	ProVisioNET_study_107_07	Female	Novice	snapshot_disruptive_person	6	snapshot_disruptive_person	Disruptive_Person	0	0	0	0	0	0	0	0	0	0	0	0	0	0	0	0	0	0	0	0	0	0	0	0	0	0	0	0	0	0	0	0	0	0	0	0	0	0	0	0	0	0	0	0	0	0	0	0																																																	1599	400	260	620	4	0	400	Disruptive_Person	Disruptive_Person	0				0			2539	2539	2539	2539	1	0	2539	2539	2539	2539	2539	1	0	2539	5				
Recording061	ProVisioNET_study_107_07	Female	Novice	snapshot_disruptive_person	7	snapshot_disruptive_person	Disruptive_Person	0	0	0	0	0	0	0	0	0	0	0	0	0	0	0	0	0	0	0	0	0	0	0	1	0	0	0	0	0	0	0	0	0	0	0	0	0	0	1	0	0	0	0	0	0	0	0	0																								2089															1747										1419	473	380	660	3	0	380	Disruptive_Person	Disruptive_Person	0				0			2279	2279	2279	2279	1	0	2279	2279	2279	2279	2279	1	0	2279	4				
Recording061	ProVisioNET_study_107_07	Female	Novice	snapshot_disruptive_person	8	snapshot_disruptive_person	Disruptive_Person	0	0	0	0	0	0	0	0	0	0	0	0	0	0	0	0	0	0	0	0	0	1	0	0	0	0	0	0	0	0	0	0	0	0	0	0	0	0	0	0	0	0	0	0	0	0	0	0																						85																											120	120	120	120	1	0	120	Disruptive_Person	Disruptive_Person	0				0			120	120	120	120	1	0	120	120	120	120	120	1	0	120	0				
Recording061	ProVisioNET_study_107_07	Female	Novice	snapshot_disruptive_person	9	snapshot_disruptive_person	Disruptive_Person	0	0	0	0	0	0	0	0	0	0	0	0	0	0	0	0	0	0	0	0	0	0	0	0	0	0	0	0	0	0	0	0	0	0	0	0	0	0	0	0	1	0	0	0	0	0	0	0																																									1112								1039	520	160	879	2	0	879	Disruptive_Person	Disruptive_Person	0				0			1419	1419	1419	1419	1	0	1419	1419	1419	1419	1419	1	0	1419	0				
Recording061	ProVisioNET_study_107_07	Female	Novice	snapshot_disruptive_person	10	snapshot_disruptive_person	Disruptive_Person	0	0	0	0	0	0	0	0	0	0	0	0	0	0	0	0	0	0	0	0	0	0	0	0	0	0	0	0	0	0	0	0	0	1	0	0	0	0	0	0	0	0	0	0	0	0	0	0																																		1347															820	273	180	400	3	0	180	Disruptive_Person	Disruptive_Person	0				0			1399	1399	1399	1399	1	0	1399	1399	1399	1399	1399	1	0	1399	2				
Recording061	ProVisioNET_study_107_07	Female	Novice	Entire Recording	1	fullstream	Disruptive_Person	0	1	1	1	1	1	1	1	1	1	1	1	1	1	1	1	1	1	1	1	1	1	1	1	1	1	1	0	1	1	1	1	1	1	1	1	1	1	1	1	1	1	1	1	1	1	1	1		530622	522901	500882	1647434	1642028	1617937	1447000	1420239	1417241	906667	883620	876854	816670	795994	786950	1087000	1062321	1057074	1269824	1242712	1239332	1176240	1149890	1146868	1566654	526416		1708749	1706011	729698	726821	699799	1419308	882759	791263	1061409	1241582	1149548	725698	1328527	975220	1356284	1329284	1326824	997320	976822	967028	15231	448	100	2838	34	702303	140	Disruptive_Person		0				0			16550	662	100	2838	25	702303	140	17570	703	100	2878	25	702263	180	5	702263	706420	258.68	341.97
